id,prediction,reference,rougeL_f,tok_f1,uni_prec,bi_prec,bert_f,question
0004073-1,"Minicore myopathy with external ophthalmoplegia is a rare congenital myopathy. Key symptoms include: 1. **Muscle Weakness**: Generalized, often more pronounced in proximal muscles (shoulders, hips). May cause difficulty with tasks like climbing stairs or lifting objects. 2. **External Ophthalmoplegia**: Weakness or paralysis of the eye muscles, leading to limited eye movement, drooping eyelids (ptosis), or crossed eyes (strabismus). 3. **Respiratory Involvement**: Weakness in respiratory muscles may cause breathing difficulties, especially in severe cases. 4. **Skeletal Abnormalities**: Some patients have scoliosis or joint contractures (stiffness). 5. **Delayed Motor Milestones**: Infants may have delayed sitting, standing, or walking. Symptoms vary in severity. Diagnosis requires clinical evaluation, muscle biopsy, and genetic testing. Consult a neurologist or geneticist for personalized information.","What are the signs and symptoms of Minicore myopathy with external ophthalmoplegia? The Human Phenotype Ontology provides the following list of signs and symptoms for Minicore myopathy with external ophthalmoplegia. If the information is available, the table below includes how often the symptom is seen in people with this condition. You can use the MedlinePlus Medical Dictionary to look up the definitions for these medical terms. Signs and Symptoms Approximate number of patients (when available) Nemaline bodies 5% Areflexia - Autosomal recessive inheritance - Axial muscle weakness - Decreased fetal movement - Difficulty running - Exercise-induced myalgia - External ophthalmoplegia - Facial palsy - Feeding difficulties in infancy - Generalized muscle weakness - High palate - Hydrops fetalis - Increased connective tissue - Increased variability in muscle fiber diameter - Ligamentous laxity - Motor delay - Muscular dystrophy - Myopathic facies - Neonatal hypotonia - Neonatal onset - Polyhydramnios - Proximal muscle weakness - Ptosis - Pulmonary hypoplasia - Recurrent respiratory infections - Respiratory insufficiency - Scoliosis - Skeletal muscle atrophy - Type 1 and type 2 muscle fiber minicore regions - The Human Phenotype Ontology (HPO) has collected information on how often a sign or symptom occurs in a condition. Much of this information comes from Orphanet, a European rare disease database. The frequency of a sign or symptom is usually listed as a rough estimate of the percentage of patients who have that feature. The frequency may also be listed as a fraction. The first number of the fraction is how many people had the symptom, and the second number is the total number of people who were examined in one study. For example, a frequency of 25/25 means that in a study of 25 people all patients were found to have that symptom. Because these frequencies are based on a specific study, the fractions may be different if another group of patients are examined. Sometimes, no information on frequency is available. In these cases, the sign or symptom may be rare or common.",0.08830022075055187,0.17660044150110374,0.358974358974359,0.04310344827586207,0.8145986795425415,What are the symptoms of Minicore myopathy with external ophthalmoplegia ?
0000377-1,"Fish-eye disease is a rare genetic disorder affecting lipid metabolism. It's caused by mutations in the **LCAT gene**, which impairs the enzyme **lecithin-cholesterol acyltransferase (LCAT)**. This enzyme helps convert cholesterol into a form that can be transported in the blood. Key features include: - **Corneal opacities** (clouding of the eye's cornea, resembling a fish's eye). - **Low HDL (""good"" cholesterol)** levels. - **Normal or elevated LDL (""bad"" cholesterol)**. Unlike complete LCAT deficiency, fish-eye disease typically does **not** cause kidney disease or anemia. Symptoms are usually limited to vision problems due to corneal clouding, which may require a corneal transplant in severe cases. Diagnosis involves genetic testing and lipid profile analysis. Management focuses on monitoring and treating associated cardiovascular risks. I don’t know of specific treatments to restore LCAT function.","Fish-eye disease, also called partial LCAT deficiency, is a disorder that causes the clear front surface of the eyes (the corneas) to gradually become cloudy. The cloudiness, which generally first appears in adolescence or early adulthood, consists of small grayish dots of cholesterol (opacities) distributed across the corneas. Cholesterol is a waxy, fat-like substance that is produced in the body and obtained from foods that come from animals; it aids in many functions of the body but can become harmful in excessive amounts. As fish-eye disease progresses, the corneal cloudiness worsens and can lead to severely impaired vision.",0.16740088105726872,0.24669603524229072,0.2868217054263566,0.0546875,0.8469110727310181,What is (are) fish-eye disease ?
0000388-2,"Friedreich ataxia (FA) is a rare genetic disorder. It affects approximately **1 in 40,000 to 50,000 people** worldwide. The condition is most common in people of **European, Middle Eastern, North African, and Indian** descent. Both males and females are equally affected since it is an **autosomal recessive** disorder, meaning a child must inherit two copies of the mutated gene (one from each parent) to develop FA. For the most current and region-specific data, consulting resources like the **National Organization for Rare Disorders (NORD)** or **Friedreich’s Ataxia Research Alliance (FARA)** is recommended. Would you like help finding additional resources?","Friedreich ataxia is estimated to affect 1 in 40,000 people. This condition is found in people with European, Middle Eastern, or North African ancestry. It is rarely identified in other ethnic groups.",0.2153846153846154,0.24615384615384614,0.20408163265306123,0.061855670103092786,0.8814067840576172,How many people are affected by Friedreich ataxia ?
0000013-16,"Creating a family health history involves gathering information about diseases and health conditions that run in your family. It typically includes: 1. **Key Details**: Ages, major illnesses, causes of death, and ethnic backgrounds of close relatives (parents, siblings, grandparents, aunts, uncles, cousins). 2. **Patterns**: Noting if certain conditions (e.g., heart disease, diabetes, cancer) appear frequently or at early ages. 3. **Purpose**: Helps healthcare providers assess your risk for inherited conditions and recommend preventive measures or screenings. To create one: - Talk to relatives. - Record ages of diagnosis for illnesses. - Update it regularly. The U.S. Surgeon General’s *My Family Health Portrait* tool (https://familyhistory.hhs.gov) can help organize this information. It’s a simple but powerful tool for proactive healthcare.","Your relatives will probably want to know why you want information about their health. You can explain that knowing what diseases run in the family can help family members take steps to lower their risk. These steps might include certain lifestyle changes, medical tests, or choices of medicines to take. Offer to share your health history when it is done. Encourage relatives to create their own health histories. It's important to find the right time to talk about family health. Family get-togethers like holidays, vacations, and reunions might be good opportunities. Some people may prefer to share health information privately, in person or by telephone. You can also contact family members by mail or e-mail. Be sure to take notes or record the conversations with a tape recorder or video camera to help you remember.",0.12648221343873517,0.23715415019762845,0.3050847457627119,0.042735042735042736,0.839827835559845,What is (are) Creating a Family Health History ?
0000858-5,"RAPADILINO syndrome is a rare genetic disorder caused by mutations in the *RECQL4* gene. Treatment focuses on managing symptoms and improving quality of life, as there's no cure. Key approaches include: 1. **Orthopedic Care**: Regular monitoring and interventions (e.g., bracing, surgery) for skeletal abnormalities like radial ray defects or patellar hypoplasia. 2. **Growth Support**: Growth hormone therapy may be considered for short stature, though efficacy varies. 3. **Cancer Surveillance**: Increased risk of osteosarcoma and lymphoma necessitates regular screenings (e.g., imaging, blood tests). 4. **Physical/Occupational Therapy**: To address joint contractures or mobility issues. 5. **Multidisciplinary Care**: Involves geneticists, orthopedists, oncologists, and other specialists. Early intervention and tailored plans are critical. Consult a geneticist or rare disease specialist for personalized guidance. *I don’t know* the specifics of emerging therapies.",These resources address the diagnosis or management of RAPADILINO syndrome: - Genetic Testing Registry: Rapadilino syndrome These resources from MedlinePlus offer information about the diagnosis and management of various health conditions: - Diagnostic Tests - Drug Therapy - Surgery and Rehabilitation - Genetic Counseling - Palliative Care,0.08045977011494251,0.13793103448275862,0.14173228346456693,0.007936507936507936,0.8184903860092163,What are the treatments for RAPADILINO syndrome ?
0000883-1,"Buschke-Ollendorff syndrome is a rare, inherited connective tissue disorder. It's characterized by two main features: 1. **Dermatofibrosis lenticularis disseminata**: Small, firm, skin-colored or yellowish bumps (papules) or larger plaques, typically on the lower trunk, buttocks, and limbs. 2. **Osteopoikilosis**: Harmless, spotty areas of increased bone density visible on X-rays, often in the hands, feet, pelvis, and long bones. It's caused by mutations in the *LEMD3* gene and is inherited in an autosomal dominant pattern. The condition is usually benign, with no serious health complications, but may be associated with mild joint stiffness or pain. Management focuses on symptom relief if needed. Consult a dermatologist or geneticist for evaluation and advice.","Buschke Ollendorff syndrome (BOS) is a genetic condition of the connective tissue. Common signs and symptoms include non-cancerous skin lumps and spots of increased bone density (which can be seen on X-ray). Some people with BOS have both skin and bone symptoms, while others have one or the other. Individual cases of BOS have occurred in association with joint pain, hearing disorders (e.g., otosclerosis), congenital spinal stenosis, craniosynostosis, and nail patella syndrome. Symptoms of BOS may begin at any age, but most often present before age 20. BOS is caused by mutations in the LEMD3 gene. The mutation results in a loss of protein (also named LEMD3) that results in the excessive formation of bone tissue. It is not clear how the LEMD3 mutations cause the skin lumps or other features of BOS. BOS is inherited in an autosomal dominant fashion. Affected members of the same family can have very different symptoms.",0.18320610687022898,0.30534351145038163,0.41818181818181815,0.12844036697247707,0.8552993535995483,What is (are) Buschke Ollendorff syndrome ?
0000057-22,"Problems with taste, or **dysgeusia**, can include: 1. **Loss of taste (ageusia)** – Inability to detect any tastes. 2. **Reduced taste (hypogeusia)** – Diminished ability to taste. 3. **Distorted taste (parageusia)** – Unpleasant or altered taste perceptions (e.g., metallic, bitter). **Common causes:** - **Infections** (e.g., colds, COVID-19, sinusitis). - **Medications** (e.g., antibiotics, chemotherapy, blood pressure drugs). - **Nutritional deficiencies** (e.g., zinc, vitamin B12). - **Aging** (natural decline in taste buds). - **Nerve damage** (e.g., head injury, dental procedures). - **Smoking** or poor oral hygiene. - **Medical conditions** (e.g., diabetes, liver/kidney disease, hypothyroidism). If symptoms persist, consult a doctor to identify the underlying cause. Treatment depends on the diagnosis.",You can help your doctor make a diagnosis by writing down important information about your problem beforehand and giving the information to your doctor during your visit. Write down answers to the following questions. - When did I first become aware of my taste problem? - What changes in my sense of taste did I notice? - Do all foods and drinks taste the same? - Have there been any changes in my sense of smell? - Does the change in taste affect my ability to eat normally? - What medicines do I take? What are the names of the medicines? How much do I take? What is the health condition for which I take the medicine? - Have I recently had a cold or the flu? When did I first become aware of my taste problem? What changes in my sense of taste did I notice? Do all foods and drinks taste the same? Have there been any changes in my sense of smell? Does the change in taste affect my ability to eat normally? What medicines do I take? What are the names of the medicines? How much do I take? What is the health condition for which I take the medicine? Have I recently had a cold or the flu?,0.09968847352024922,0.16199376947040497,0.25,0.028037383177570093,0.7937105298042297,What is (are) Problems with Taste ?
0000770-3,"Pantothenate kinase-associated neurodegeneration (PKAN) is primarily caused by mutations in the **PANK2 gene** (chromosome 20p13). This gene encodes the enzyme pantothenate kinase 2, which is crucial for coenzyme A (CoA) synthesis. **Key genetic changes include:** - **Missense mutations** (most common): Alter amino acids, reducing enzyme activity. - **Nonsense mutations**: Introduce premature stop codons, leading to truncated, nonfunctional proteins. - **Frameshift mutations**: Disrupt the reading frame, often resulting in loss of function. - **Splice-site mutations**: Affect mRNA processing, impairing protein production. These mutations impair CoA production, causing iron accumulation in the brain (especially the globus pallidus) and neurodegeneration. PKAN is inherited in an **autosomal recessive** pattern, meaning two mutated copies of PANK2 are required for disease manifestation. For precise diagnosis, genetic testing is recommended.","Mutations in the PANK2 gene cause pantothenate kinase-associated neurodegeneration. The PANK2 gene provides instructions for making an enzyme called pantothenate kinase 2. This enzyme is active in mitochondria, the energy-producing centers within cells, where it plays a critical role in the formation of a molecule called coenzyme A. Found in all living cells, coenzyme A is essential for the body's production of energy from carbohydrates, fats, and some protein building blocks (amino acids). Mutations in the PANK2 gene likely result in the production of an abnormal version of pantothenate kinase 2 or prevent cells from making any of this enzyme. A lack of functional pantothenate kinase 2 disrupts the production of coenzyme A and allows potentially harmful compounds to build up in the brain. This buildup leads to swelling and tissue damage, and allows iron to accumulate abnormally in certain parts of the brain. Researchers have not determined how these changes result in the specific features of pantothenate kinase-associated neurodegeneration. Because pantothenate kinase 2 functions in mitochondria, the signs and symptoms of this condition may be related to impaired energy production.",0.14473684210526316,0.24342105263157898,0.3252032520325203,0.04918032786885246,0.8561285138130188,What are the genetic changes related to pantothenate kinase-associated neurodegeneration ?
0000181-6,"Alagille Syndrome is a genetic disorder that primarily affects the liver, heart, and other body systems. Common symptoms include: 1. **Liver problems**: Jaundice (yellowing of skin and eyes), itchy skin, and pale, loose stools due to bile duct paucity. 2. **Heart issues**: Heart murmurs, often due to pulmonary artery stenosis or other congenital heart defects. 3. **Distinctive facial features**: Broad forehead, deep-set eyes, pointed chin, and a straight nose. 4. **Eye abnormalities**: Posterior embryotoxon (a ring in the cornea) is common. 5. **Skeletal abnormalities**: Butterfly vertebrae (abnormally shaped spinal bones). 6. **Growth delays**: Poor growth or failure to thrive in childhood. 7. **Kidney and vascular issues**: Less common but possible. Symptoms vary widely in severity. If you suspect Alagille Syndrome, consult a healthcare provider for evaluation. Early diagnosis and management are important.","The signs and symptoms of Alagille syndrome and their severity vary, even among people in the same family sharing the same gene mutation. Liver In some people, problems in the liver may be the first signs and symptoms of the disorder. These signs and symptoms can occur in children and adults with Alagille syndrome, and in infants as early as the first 3 months of life. Jaundice. Jaundicewhen the skin and whites of the eyes turn yellowis a result of the liver not removing bilirubin from the blood. Bilirubin is a reddish-yellow substance formed when hemoglobin breaks down. Hemoglobin is an iron-rich protein that gives blood its red color. Bilirubin is absorbed by the liver, processed, and released into bile. Blockage of the bile ducts forces bilirubin and other elements of bile to build up in the blood. Jaundice may be difficult for parents and even health care providers to detect. Many healthy newborns have mild jaundice during the first 1 to 2 weeks of life due to an immature liver. This normal type of jaundice disappears by the second or third week of life, whereas the jaundice of Alagille syndrome deepens. Newborns with jaundice after 2 weeks of life should be seen by a health care provider to check for a possible liver problem. Dark urine and gray or white stools. High levels of bilirubin in the blood that pass into the urine can make the urine darker, while stool lightens from a lack of bilirubin reaching the intestines. Gray or white bowel movements after 2 weeks of age are a reliable sign of a liver problem and should prompt a visit to a health care provider. Pruritus. The buildup of bilirubin in the blood may cause itching, also called pruritus. Pruritus usually starts after 3 months of age and can be severe. Xanthomas. Xanthomas are fatty deposits that appear as yellow bumps on the skin. They are caused by abnormally high cholesterol levels in the blood, common in people with liver disease. Xanthomas may appear anywhere on the body. However, xanthomas are usually found on the elbows, joints, tendons, knees, hands, feet, or buttocks. Other Signs and Symptoms of Alagille Syndrome Certain signs of Alagille syndrome are unique to the disorder, including those that affect the vertebrae and facial features. Face. Many children with Alagille syndrome have deep-set eyes, a straight nose, a small and pointed chin, large ears, and a prominent, wide forehead. These features are not usually recognized until after infancy. By adulthood, the chin is more prominent. Eyes. Posterior embryotoxon is a condition in which an opaque ring is present in the cornea, the transparent covering of the eyeball. The abnormality is common in people with Alagille syndrome, though it usually does not affect vision. Skeleton. The most common skeletal defect in a person with Alagille syndrome is when the shape of the vertebraebones of the spinegives the appearance of flying butterflies. This defect, known as ""butterfly"" vertebrae, rarely causes medical problems or requires treatment. Heart and blood vessels. People with Alagille syndrome may have the following signs and symptoms having to do with the heart and blood vessels: - heart murmuran extra or unusual sound heard during a heartbeat. A heart murmur is the most common sign of Alagille syndrome other than the general symptoms of liver disease.1 Most people with Alagille syndrome have a narrowing of the blood vessels that carry blood from the heart to the lungs.1 This narrowing causes a murmur that can be heard with a stethoscope. Heart murmurs usually do not cause problems. - heart walls and valve problems. A small number of people with Alagille syndrome have serious problems with the walls or valves of the heart. These conditions may need treatment with medications or corrective surgery. - blood vessel problems. People with Alagille syndrome may have abnormalities of the blood vessels in the head and neck. This serious complication can lead to internal bleeding or stroke. Alagille syndrome can also cause narrowing or bulging of other blood vessels in the body. Kidney disease. A wide range of kidney diseases can occur in Alagille syndrome. The kidneys are two bean-shaped organs, each about the size of a fist, that filter wastes and extra fluid from the blood. Some people have small kidneys or have cystsfluid-filled sacsin the kidneys. Kidney function can also decrease.",0.08868144690781797,0.12602100350058343,0.4166666666666667,0.11450381679389313,0.8271514773368835,What are the symptoms of Alagille Syndrome ?
0000794-5,"Phosphoglycerate kinase (PGK) deficiency is a rare genetic disorder. Treatment focuses on managing symptoms and may include: 1. **Blood transfusions** – For severe hemolytic anemia. 2. **Splenectomy** – In some cases to reduce red blood cell destruction. 3. **Physical therapy** – To address muscle weakness or exercise intolerance. 4. **Neurological support** – For seizures or developmental delays, if present. 5. **Avoiding triggers** – Such as infections or oxidative stress (e.g., certain drugs). There is no cure, and treatment is tailored to the individual’s symptoms. Genetic counseling may be recommended for affected families. Always consult a hematologist or metabolic specialist for personalized care.",These resources address the diagnosis or management of phosphoglycerate kinase deficiency: - Children Living with Inherited Metabolic Diseases (CLIMB) (UK): Phosphoglycerate Kinase Deficiency - Genetic Testing Registry: Deficiency of phosphoglycerate kinase - Genetic Testing Registry: Phosphoglycerate kinase 1 deficiency These resources from MedlinePlus offer information about the diagnosis and management of various health conditions: - Diagnostic Tests - Drug Therapy - Surgery and Rehabilitation - Genetic Counseling - Palliative Care,0.09302325581395349,0.13953488372093026,0.14705882352941177,0.019801980198019802,0.8287562727928162,What are the treatments for phosphoglycerate kinase deficiency ?
0000155-5,"Carnitine-acylcarnitine translocase (CACT) deficiency is a rare, life-threatening fatty acid oxidation disorder. Treatment focuses on preventing metabolic crises and managing symptoms: 1. **Dietary Management**: A low-fat, high-carbohydrate diet with frequent meals to avoid fasting. Medium-chain triglycerides (MCT) may be used as an alternative energy source. 2. **Avoiding Triggers**: Prevent fasting, infections, or stress that can trigger metabolic decompensation. 3. **Carnitine Supplementation**: Oral L-carnitine may help remove toxic metabolites, but its use is debated due to potential risks. 4. **Emergency Protocol**: Immediate medical attention for illness, with IV glucose to prevent hypoglycemia and metabolic crisis. 5. **Liver Transplant**: In severe cases, a liver transplant may be considered to restore enzyme function. Management requires a metabolic specialist. Early diagnosis and strict adherence to treatment are critical. Prognosis varies, and complications (e.g., cardiomyopathy, liver dysfunction) may occur.",These resources address the diagnosis or management of CACT deficiency: - Baby's First Test - FOD (Fatty Oxidation Disorders) Family Support Group: Diagnostic Approach to Disorders of Fat Oxidation - Information for Clinicians - Genetic Testing Registry: Carnitine acylcarnitine translocase deficiency These resources from MedlinePlus offer information about the diagnosis and management of various health conditions: - Diagnostic Tests - Drug Therapy - Surgery and Rehabilitation - Genetic Counseling - Palliative Care,0.058252427184466014,0.0970873786407767,0.11940298507462686,0.007518796992481203,0.820686399936676,What are the treatments for carnitine-acylcarnitine translocase deficiency ?
0006579-4,"2q37 deletion syndrome is typically **not inherited** in most cases. It usually occurs as a **de novo** (new) deletion, meaning the genetic change arises spontaneously during the formation of reproductive cells or early in fetal development. However, in rare cases, it can be inherited if a parent carries a **balanced translocation** (a rearrangement of genetic material with no loss or gain) involving chromosome 2. If the parent passes on the unbalanced form, the child may inherit the deletion. Genetic counseling is recommended for families to assess inheritance risk and discuss testing options. Would you like more details on testing?","How is 2q37 deletion syndrome inherited? Can it be a hidden trait? Most cases of 2q37 deletion syndrome are not inherited. They result from a chromosomal deletion that occurs as a random event during the formation of reproductive cells (eggs or sperm) or in early fetal development. Affected people typically have no history of the disorder in their family. Rarely, affected individuals inherit a copy of chromosome 2 with a deleted segment from an unaffected parent. In these cases, one of the parents carries a chromosomal rearrangement between chromosome 2 and another chromosome. This rearrangement is called a balanced translocation. No genetic material is gained or lost in a balanced translocation, so these chromosomal changes usually do not cause any health problems. However, translocations can become unbalanced as they are passed to the next generation. Children who inherit an unbalanced translocation can have a chromosomal rearrangement with extra or missing genetic material. Some individuals with 2q37 deletion syndrome inherit an unbalanced translocation that deletes genetic material near the end of the long arm of chromosome 2, which results in birth defects and other health problems characteristic of this disorder.",0.20833333333333334,0.3541666666666667,0.5252525252525253,0.12244897959183673,0.8772399425506592,Is 2q37 deletion syndrome inherited ?
0000013-2,"Neurological complications of AIDS, caused by HIV or opportunistic infections, require tailored treatments: 1. **Antiretroviral Therapy (ART)**: The cornerstone for HIV-related neurocognitive disorders. ART reduces viral load, slows disease progression, and may improve neurological symptoms. 2. **Opportunistic Infections**: - **Toxoplasmosis**: Pyrimethamine + sulfadiazine + folinic acid. - **Cryptococcal meningitis**: Amphotericin B + flucytosine, followed by fluconazole. - **Progressive Multifocal Leukoencephalopathy (PML)**: ART to restore immune function; no direct antiviral for JC virus. - **Cytomegalovirus (CMV)**: Ganciclovir or foscarnet. 3. **Symptom Management**: - **Neuropathy**: Gabapentin, pregabalin, or duloxetine. - **Seizures**: Antiepileptic drugs (e.g., levetiracetam). - **Cognitive decline**: ART; supportive care. 4. **Steroids**: For immune reconstitution inflammatory syndrome (IRIS) or severe inflammation. Early diagnosis and ART initiation are critical.","No single treatment can cure the neurological complications of AIDS. Some disorders require aggressive therapy while others are treated symptomatically. Medicines range from analgesics sold over the counter to antiepileptic drugs, opiates, corticosteroids, and some classes of antidepressants. Other treatments include radiation therapy or chemotherapy to kill or shrink cancerous brain tumors that may be caused by HIV, antifungal or antimalarial drugs to combat certain bacterial infections, and penicillin to treat neurosyphilis. Aggressive antiretroviral therapy is used to treat AIDS dementia complex, PML, and cytomegalovirus encephalitis. HAART, or highly active antiretroviral therapy, combines at least three drugs to reduce the amount of virus circulating in the blood and may also delay the start of some infections.",0.11158798283261802,0.1802575107296137,0.19658119658119658,0.034482758620689655,0.8170862197875977,What are the treatments for Neurological Complications of AIDS ?
0000823-5,"Primary myelofibrosis (PMF) treatments focus on symptom management and improving quality of life, as there's no cure. Options include: 1. **Medications**: - **JAK inhibitors** (e.g., ruxolitinib, fedratinib): Reduce spleen size and symptoms. - **Hydroxyurea**: Controls high blood cell counts. - **Androgens or steroids**: May help with anemia. - **Erythropoiesis-stimulating agents (ESAs)**: For anemia (if low erythropoietin). 2. **Blood transfusions**: For severe anemia. 3. **Splenectomy or radiation**: For enlarged spleen causing pain or complications (used cautiously). 4. **Stem cell transplant**: The only potential cure, but high-risk; reserved for eligible patients (typically younger, with high-risk disease). 5. **Clinical trials**: Explore newer therapies. Treatment depends on symptoms, risk level, and overall health. Consult a hematologist for personalized care.",These resources address the diagnosis or management of primary myelofibrosis: - Genetic Testing Registry: Myelofibrosis - Merck Manual Professional Version: Primary Myelofibrosis - Myeloproliferative Neoplasm (MPN) Research Foundation: Primary Myelofibrosis (PMF) These resources from MedlinePlus offer information about the diagnosis and management of various health conditions: - Diagnostic Tests - Drug Therapy - Surgery and Rehabilitation - Genetic Counseling - Palliative Care,0.1016949152542373,0.14689265536723164,0.1391304347826087,0.017543859649122806,0.8093373775482178,What are the treatments for primary myelofibrosis ?
0001097-5,"48,XXYY syndrome is a rare chromosomal condition. Treatment focuses on managing symptoms and improving quality of life, as there's no cure. Common approaches include: 1. **Hormone Therapy**: Testosterone replacement may be used to address low testosterone levels, often starting in adolescence. 2. **Developmental & Behavioral Therapies**: Speech, occupational, and physical therapy can help with developmental delays. Behavioral therapy may address ADHD, autism spectrum traits, or mood disorders. 3. **Educational Support**: Individualized education plans (IEPs) can assist with learning difficulties. 4. **Medical Management**: Regular monitoring for associated conditions like diabetes, seizures, or heart issues is important. 5. **Psychological Support**: Counseling can help with emotional or social challenges. A multidisciplinary team (endocrinologist, geneticist, therapists) typically coordinates care. Early intervention improves outcomes.","These resources address the diagnosis or management of 48,XXYY syndrome: - Genetic Testing Registry: XXYY syndrome These resources from MedlinePlus offer information about the diagnosis and management of various health conditions: - Diagnostic Tests - Drug Therapy - Surgery and Rehabilitation - Genetic Counseling - Palliative Care",0.07228915662650602,0.10843373493975902,0.1092436974789916,0.0,0.8249245882034302,"What are the treatments for 48,XXYY syndrome ?"
0000035-5,"To diagnose **diabetes** or **prediabetes**, doctors use blood tests measuring glucose levels: 1. **Fasting Plasma Glucose (FPG) Test**: - No food/drink (except water) for 8+ hours. - **Diabetes**: ≥126 mg/dL (7.0 mmol/L). - **Prediabetes**: 100–125 mg/dL (5.6–6.9 mmol/L). 2. **A1C Test** (3-month average blood sugar): - **Diabetes**: ≥6.5%. - **Prediabetes**: 5.7–6.4%. 3. **Oral Glucose Tolerance Test (OGTT)**: - Fast overnight, drink glucose solution, test 2 hours later. - **Diabetes**: ≥200 mg/dL (11.1 mmol/L). - **Prediabetes**: 140–199 mg/dL (7.8–11.0 mmol/L). 4. **Random Plasma Glucose Test**: - If symptoms (e.g., frequent urination, thirst) + glucose ≥200 mg/dL","Health care providers test for gestational diabetes using the OGTT. Women may be tested during their first visit to the health care provider after becoming pregnant or between 24 to 28 weeks of pregnancy depending on their risk factors and symptoms. Women found to have diabetes at the first visit to the health care provider after becoming pregnant may be diagnosed with type 2 diabetes. Defining Safe Blood Glucose Levels for Pregnancy Many studies have shown that gestational diabetes can cause complications for the mother and baby. An international, multicenter study, the Hyperglycemia and Adverse Pregnancy Outcome (HAPO) study, showed that the higher a pregnant womans blood glucose is, the higher her risk of pregnancy complications. The HAPO researchers found that pregnancy complications can occur at blood glucose levels that were once considered to be normal. Based on the results of the HAPO study, new guidelines for diagnosis of gestational diabetes were recommended by the International Association of the Diabetes and Pregnancy Study Groups in 2011. So far, the new guidelines have been adopted by the American Diabetes Association (ADA)3 but not by the American College of Obstetricians and Gynecologists (ACOG)4 or other medical organizations. Researchers estimate these new guidelines, if widely adopted, will increase the proportion of pregnant women diagnosed with gestational diabetes to nearly 18 percent.5 Both ADA and ACOG guidelines for using the OGTT in diagnosing gestational diabetes are shown in the following tables. Recommendations for Testing Pregnant Women for Diabetes Time of testing ACOG ADA At first visit during pregnancy No recommendation Test women with risk factors for diabetes using standard testing for diagnosis of type 2 diabetes. Women found to have diabetes at this time should be diagnosed with type 2 diabetes, not gestational diabetes. At 24 to 28 weeks of pregnancy Test women for diabetes based on their history, risk factors, or a 50-gram, 1-hour, nonfasting, glucose challenge testa modified OGTT. If score is 130140 mg/dL, test again with fasting, 100-gram, 3-hour OGTT.* Test all women for diabetes who are not already diagnosed, using a fasting, 75-gram, 2-hour OGTT.* OGTT Levels for Diagnosis of Gestational Diabetes Time of Sample Collection ACOG Levels**,4 (mg/dL) ADA Levels3(mg/dL) 100-gram Glucose Drink 75-gram Glucose Drink Fasting, before drinking glucose 95 or above 92 or above 1 hour after drinking glucose 180 or above 180 or above 2 hours after drinking glucose 155 or above 153 or above 3 hours after drinking glucose 140 or above Not used Requirements for Diagnosis TWO or more of the above levels must be met ONE or more of the above levels must be met More information about treating gestational diabetes is provided in the NIDDK health topic, What I need to know about Gestational Diabetes, or by calling 18008608747.",0.05434782608695651,0.06521739130434784,0.18947368421052632,0.010638297872340425,0.7971944212913513,How to diagnose Diagnosis of Diabetes and Prediabetes ?
0000064-3,"The outlook for cephalic disorders—conditions affecting the brain's structure or function—varies widely depending on the specific disorder, severity, and early intervention. Some, like mild microcephaly, may have minimal impact on life with proper support, while severe cases (e.g., anencephaly) are often fatal shortly after birth. For many disorders (e.g., hydrocephalus, holoprosencephaly), early diagnosis and treatment (like shunts or therapies) can improve outcomes, but challenges like developmental delays, seizures, or cognitive impairments may persist. Prognosis also depends on associated conditions (e.g., genetic syndromes). Regular monitoring by a neurologist or specialist is critical. Supportive care (therapies, medications, or surgery) can enhance quality of life. For precise information, consult a healthcare provider familiar with the specific diagnosis. *I don’t know* the outlook for rare or complex cases without more details.","The degree to which damage to the developing nervous system harms the mind and body varies enormously. Many disabilities are mild enough to allow those afflicted to eventually function independently in society. Others are not. Some infants, children, and adults die; others remain totally disabled; and an even larger population is partially disabled, functioning well below normal capacity.",0.08648648648648649,0.09729729729729729,0.08661417322834646,0.0,0.8294970989227295,What is the outlook for Cephalic Disorders ?
0000102-3,"Dyssynergia Cerebellaris Myoclonica (DCM), also known as Ramsay Hunt syndrome type 1, is a rare progressive neurological disorder. The outlook varies depending on the underlying cause and progression rate. Generally, symptoms like myoclonus (muscle jerks), ataxia (lack of coordination), and seizures tend to worsen over time. Intellectual decline may occur in some cases. There is no cure, but symptoms can be managed with medications like anticonvulsants (e.g., valproate, levetiracetam) or benzodiazepines (e.g., clonazepam). The progression is typically slow, and some patients may maintain a relatively stable condition for years. However, due to its rarity, long-term data is limited. Early diagnosis and tailored treatment can help improve quality of life. Regular follow-up with a neurologist is essential. I don’t know the exact prognosis for an individual case.",The progression of the disorder is usually 10 years or longer.,0.072992700729927,0.0875912408759124,0.1111111111111111,0.008,0.8292086720466614,What is the outlook for Dyssynergia Cerebellaris Myoclonica ?
0001016-5,"Vitelliform macular dystrophy (Best disease) currently has **no cure**, but treatments aim to manage symptoms and slow progression: 1. **Monitoring**: Regular eye exams (OCT, fundus autofluorescence) to track changes. 2. **Low-vision aids**: Glasses, magnifiers, or electronic devices for vision impairment. 3. **Anti-VEGF injections**: May help if abnormal blood vessels (choroidal neovascularization) develop. 4. **Photodynamic therapy (PDT)**: Rarely used for secondary complications. 5. **Genetic counseling**: For family planning, as the disease is inherited (usually autosomal dominant). No proven therapies restore lost vision or halt degeneration. Clinical trials (e.g., gene therapy) are ongoing but not yet standard care. Early detection of complications is key. Consult an ophthalmologist for personalized advice.","These resources address the diagnosis or management of vitelliform macular dystrophy: - Gene Review: Gene Review: Best Vitelliform Macular Dystrophy - Genetic Testing Registry: Macular dystrophy, vitelliform, adult-onset - Genetic Testing Registry: Vitelliform dystrophy - MedlinePlus Encyclopedia: Macula (image) These resources from MedlinePlus offer information about the diagnosis and management of various health conditions: - Diagnostic Tests - Drug Therapy - Surgery and Rehabilitation - Genetic Counseling - Palliative Care",0.056179775280898875,0.10112359550561797,0.09259259259259259,0.018691588785046728,0.8139835000038147,What are the treatments for vitelliform macular dystrophy ?
0000627-2,"Marfan syndrome is a rare genetic disorder. According to authoritative sources like the National Institutes of Health (NIH) and the Marfan Foundation, it affects approximately **1 in 5,000 people worldwide**, regardless of sex, race, or ethnicity. This means roughly **200,000 people in the U.S.** and **millions globally** have the condition. Because symptoms vary widely, some cases may go undiagnosed. If you suspect Marfan syndrome, consult a healthcare provider for evaluation.","The incidence of Marfan syndrome is approximately 1 in 5,000 worldwide.",0.14814814814814814,0.19753086419753085,0.21428571428571427,0.043478260869565216,0.8866342306137085,How many people are affected by Marfan syndrome ?
0000008-32,"Breast cancer treatment depends on the type, stage, and individual factors. Common treatments include: 1. **Surgery**: Lumpectomy (removing the tumor) or mastectomy (removing the breast). 2. **Radiation Therapy**: Uses high-energy rays to kill cancer cells, often after surgery. 3. **Chemotherapy**: Drugs to destroy cancer cells, used before or after surgery. 4. **Hormone Therapy**: For hormone receptor-positive cancers (e.g., tamoxifen, aromatase inhibitors). 5. **Targeted Therapy**: Drugs like trastuzumab (Herceptin) for HER2-positive cancers. 6. **Immunotherapy**: Boosts the immune system to fight cancer (e.g., pembrolizumab for triple-negative breast cancer). Treatment plans are personalized. Consult your oncologist for the best approach. Early detection improves outcomes.","Standard treatments for breast cancer include - surgery that takes out the cancer and some surrounding tissue - radiation therapy that uses high-energy beams to kill cancer cells and shrink tumors and some surrounding tissue. - chemotherapy that uses anti-cancer drugs to kill cancer most cells - hormone therapy that keeps cancer cells from getting most of the hormones they need to survive and grow. surgery that takes out the cancer and some surrounding tissue radiation therapy that uses high-energy beams to kill cancer cells and shrink tumors and some surrounding tissue. chemotherapy that uses anti-cancer drugs to kill cancer most cells hormone therapy that keeps cancer cells from getting most of the hormones they need to survive and grow. (Watch the video to learn about one breast cancer survivor's story. To enlarge the video, click the brackets in the lower right-hand corner. To reduce the video, press the Escape (Esc) button on your keyboard.)",0.1484375,0.19531250000000003,0.27722772277227725,0.05,0.8177005052566528,What are the treatments for Breast Cancer ?
0000444-5,"Gyrate atrophy of the choroid and retina is a rare genetic disorder caused by a deficiency in the enzyme ornithine aminotransferase (OAT). Current treatments focus on slowing disease progression: 1. **Dietary Management**: A low-arginine diet (arginine is a precursor to ornithine) may help reduce ornithine levels. This involves restricting protein intake and using specialized medical foods. 2. **Vitamin B6 (Pyridoxine)**: Some patients respond to high-dose vitamin B6 supplementation, which may enhance residual OAT activity. 3. **Monitoring and Support**: Regular eye exams, low-vision aids, and genetic counseling are recommended. Antioxidants (e.g., vitamin E, lutein) may be suggested, though evidence is limited. There is no cure, and treatment efficacy varies. Consult an ophthalmologist or metabolic specialist for personalized care. I don’t know of any emerging therapies with proven benefit.",These resources address the diagnosis or management of gyrate atrophy: - Baby's First Test - Genetic Testing Registry: Ornithine aminotransferase deficiency These resources from MedlinePlus offer information about the diagnosis and management of various health conditions: - Diagnostic Tests - Drug Therapy - Surgery and Rehabilitation - Genetic Counseling - Palliative Care,0.08938547486033518,0.1564245810055866,0.14173228346456693,0.015873015873015872,0.8222333788871765,What are the treatments for gyrate atrophy of the choroid and retina ?
0003152-1,"IMAGe syndrome is a rare genetic disorder. Its name is an acronym for its key features: - **I**ntrauterine growth restriction (IUGR): Babies are smaller than expected during pregnancy. - **M**etaphyseal dysplasia: Abnormal bone development, particularly at the ends of long bones. - **A**drenal hypoplasia congenita: Underdeveloped adrenal glands, leading to adrenal insufficiency (symptoms may include fatigue, weight loss, low blood pressure, and salt cravings). - **G**enital anomalies: In males, this may include undescended testes or a small penis. Other possible symptoms include: - Short stature - Delayed bone age - Hypercalciuria (excess calcium in urine) and/or hypercalcemia (high blood calcium) - Recurrent infections If you suspect IMAGe syndrome, consult a healthcare provider for evaluation and genetic testing. Early diagnosis and management are crucial.","What are the signs and symptoms of IMAGe syndrome? The Human Phenotype Ontology provides the following list of signs and symptoms for IMAGe syndrome. If the information is available, the table below includes how often the symptom is seen in people with this condition. You can use the MedlinePlus Medical Dictionary to look up the definitions for these medical terms. Signs and Symptoms Approximate number of patients (when available) Abnormality of the adrenal glands 90% Abnormality of the upper urinary tract 90% Cryptorchidism 90% Depressed nasal bridge 90% Displacement of the external urethral meatus 90% Frontal bossing 90% Intrauterine growth retardation 90% Low-set, posteriorly rotated ears 90% Micromelia 90% Muscular hypotonia 90% Macrocephaly 5% Adrenal hypoplasia - Autosomal dominant inheritance - Delayed skeletal maturation - Epiphyseal dysplasia - Growth hormone deficiency - Hypercalcemia - Hypercalciuria - Hypospadias - Low-set ears - Metaphyseal dysplasia - Micropenis - Postnatal growth retardation - Prominent forehead - Short nose - The Human Phenotype Ontology (HPO) has collected information on how often a sign or symptom occurs in a condition. Much of this information comes from Orphanet, a European rare disease database. The frequency of a sign or symptom is usually listed as a rough estimate of the percentage of patients who have that feature. The frequency may also be listed as a fraction. The first number of the fraction is how many people had the symptom, and the second number is the total number of people who were examined in one study. For example, a frequency of 25/25 means that in a study of 25 people all patients were found to have that symptom. Because these frequencies are based on a specific study, the fractions may be different if another group of patients are examined. Sometimes, no information on frequency is available. In these cases, the sign or symptom may be rare or common.",0.07390300230946883,0.19861431870669746,0.34959349593495936,0.02459016393442623,0.8164272308349609,What are the symptoms of IMAGe syndrome ?
0000908-5,"Sialidosis is a rare genetic disorder caused by a deficiency of the enzyme neuraminidase. Currently, there is **no cure**, but treatments focus on managing symptoms and improving quality of life: 1. **Symptom Management**: - **Seizures**: Antiepileptic drugs (e.g., levetiracetam, valproate). - **Muscle spasms/myoclonus**: Medications like clonazepam or valproate. - **Vision problems**: Corrective lenses or low-vision aids. - **Physical/occupational therapy**: To maintain mobility and function. 2. **Supportive Care**: - Regular monitoring by a neurologist, ophthalmologist, and geneticist. - Nutritional support if swallowing difficulties arise. 3. **Experimental Approaches**: - Enzyme replacement therapy (ERT) and gene therapy are under investigation but not yet approved. Early intervention and a multidisciplinary team can help manage symptoms effectively. Consult a specialist for personalized care.","These resources address the diagnosis or management of sialidosis: - Genetic Testing Registry: Sialidosis type I - Genetic Testing Registry: Sialidosis, type II - MedlinePlus Encyclopedia: Ascites - MedlinePlus Encyclopedia: Hydrops Fetalis These resources from MedlinePlus offer information about the diagnosis and management of various health conditions: - Diagnostic Tests - Drug Therapy - Surgery and Rehabilitation - Genetic Counseling - Palliative Care",0.12154696132596685,0.17679558011049726,0.17796610169491525,0.0,0.8044638633728027,What are the treatments for sialidosis ?
0004137-1,"Mosaic trisomy 9 is a rare chromosomal disorder where some cells in the body have three copies of chromosome 9 (trisomy), while other cells have the usual two copies. This occurs due to an error in cell division after fertilization. Symptoms vary widely depending on the proportion and location of affected cells but may include growth delays, intellectual disability, facial abnormalities (e.g., small head, low-set ears), heart defects, and joint issues. Severity ranges from mild to severe. Diagnosis is typically confirmed through genetic testing (e.g., karyotyping or chromosomal microarray) of blood or tissue samples. Management focuses on addressing specific symptoms and may involve a multidisciplinary team (e.g., cardiologists, neurologists). Prognosis depends on the extent of organ involvement. Some individuals live into adulthood, while others may have life-threatening complications. Early intervention and supportive care are key.","Mosaic trisomy 9 is a chromosomal abnormality that can affect may parts of the body. In people affected by this condition, some of the body's cells have three copies of chromosome 9 (trisomy), while other cells have the usual two copies of this chromosome. The signs and symptoms vary but may include mild to severe intellectual disability, developmental delay, growth problems (both before and after birth), congenital heart defects, and/or abnormalities of the craniofacial (skull and face) region. Most cases are not inherited; it often occurs sporadically as a random event during the formation of the reproductive cells (egg and sperm) or as the fertilized egg divides. Treatment is based on the signs and symptoms present in each person.",0.2992125984251969,0.4645669291338583,0.5037037037037037,0.1865671641791045,0.8873661160469055,What is (are) Mosaic trisomy 9 ?
0006047-1,"Tetramelic monodactyly is an extremely rare congenital condition where a person has only one digit (finger or toe) on all four limbs. Symptoms and features may include: 1. **Limb Abnormalities**: Presence of a single digit (often a thumb or big toe) on each hand and foot. 2. **Bone Structure Differences**: Underdeveloped or absent bones in the hands and feet (e.g., missing metacarpals/metatarsals or phalanges). 3. **Functional Limitations**: Reduced grip strength or mobility due to the lack of digits. 4. **Associated Syndromes**: It may occur as part of genetic syndromes (e.g., ectrodactyly or other limb malformation disorders), though isolated cases are possible. If you suspect this condition, consult a geneticist or orthopedic specialist for evaluation. I don’t know the exact prevalence or all possible associated features due to its rarity.","What are the signs and symptoms of Tetramelic monodactyly? The Human Phenotype Ontology provides the following list of signs and symptoms for Tetramelic monodactyly. If the information is available, the table below includes how often the symptom is seen in people with this condition. You can use the MedlinePlus Medical Dictionary to look up the definitions for these medical terms. Signs and Symptoms Approximate number of patients (when available) Split hand 90% Autosomal dominant inheritance - Monodactyly (feet) - Monodactyly (hands) - Split foot - The Human Phenotype Ontology (HPO) has collected information on how often a sign or symptom occurs in a condition. Much of this information comes from Orphanet, a European rare disease database. The frequency of a sign or symptom is usually listed as a rough estimate of the percentage of patients who have that feature. The frequency may also be listed as a fraction. The first number of the fraction is how many people had the symptom, and the second number is the total number of people who were examined in one study. For example, a frequency of 25/25 means that in a study of 25 people all patients were found to have that symptom. Because these frequencies are based on a specific study, the fractions may be different if another group of patients are examined. Sometimes, no information on frequency is available. In these cases, the sign or symptom may be rare or common.",0.09782608695652174,0.2119565217391304,0.34108527131782945,0.0078125,0.8134373426437378,What are the symptoms of Tetramelic monodactyly ?
0000116-10,"Microscopic colitis, including **collagenous colitis** and **lymphocytic colitis**, primarily affects: 1. **Middle-aged and older adults** – Most common in people **over 50**, with peak incidence in the **60s–70s**. 2. **Women** – More prevalent in women, especially for collagenous colitis (female-to-male ratio ~9:1). 3. **Smokers** – Smoking increases risk. 4. **Autoimmune conditions** – Associated with **celiac disease, rheumatoid arthritis, thyroid disorders, or type 1 diabetes**. 5. **Medication use** – Certain drugs (e.g., **NSAIDs, PPIs, SSRIs, beta-blockers**) may trigger or worsen symptoms. 6. **Genetic factors** – Possible family history link, though not fully understood. If you suspect microscopic colitis, consult a gastroenterologist for evaluation (e.g., colonoscopy with biopsies). Risk factors don’t guarantee disease, but awareness helps early diagnosis.","No. Unlike the other inflammatory bowel diseases, such as Crohns disease and ulcerative colitis, microscopic colitis does not increase a persons risk of getting colon cancer.",0.07042253521126761,0.11267605633802817,0.09482758620689655,0.0,0.8164945840835571,Who is at risk for Microscopic Colitis: Collagenous Colitis and Lymphocytic Colitis? ?
0000223-10,"Urinary tract infections (UTIs) in children are common but can be serious if untreated. Here’s what you should know: 1. **Prevention**: - Encourage regular urination (every 2–3 hours) and complete bladder emptying. - Ensure proper hygiene (wipe front to back for girls). - Avoid bubble baths or harsh soaps that may irritate the urethra. - Offer plenty of fluids (water) to flush bacteria. - Treat constipation, as it can contribute to UTIs. 2. **Symptoms**: - Frequent, painful urination, foul-smelling urine, fever, or abdominal pain. - In infants: fussiness, poor feeding, or fever without a clear cause. 3. **When to See a Doctor**: - If symptoms persist for more than a day or worsen (e.g., high fever, vomiting). - UTIs require antibiotics—never ignore symptoms. 4. **Follow-Up**: - Recurrent UTIs may need further evaluation (e.g., ultrasound) to check for abnormalities. If unsure about symptoms, consult a pediatrician promptly.","You can take the following steps to help prevent your child from getting a UTI: - Teach your child not to hold in urine and to go to the bathroom whenever your child feels the urge. - Teach your child how to properly clean himself or herself after using the bathroom to keep bacteria from entering the urinary tract. - Have your child wear loose-fitting clothes. Tight clothes can trap moisture, which allows bacteria to grow. - Buy your child cotton underwear. Cotton lets in air to dry the area. - If your child has constipation, talk with a health care provider about the best treatment options.",0.1422924901185771,0.18972332015810275,0.2465753424657534,0.006896551724137931,0.8496347665786743,How to prevent What I need to know about My Child's Urinary Tract Infection ?
0005219-1,"Pyridoxine-dependent epilepsy (PDE) is a rare, genetic condition where seizures begin in infancy or early childhood and only respond to high doses of vitamin B6 (pyridoxine), not standard anti-seizure medications. It’s caused by mutations in the *ALDH7A1* gene, leading to a deficiency in alpha-aminoadipic semialdehyde dehydrogenase, which disrupts brain metabolism. Without pyridoxine treatment, seizures persist and can cause developmental delays or intellectual disability. Diagnosis involves genetic testing or a trial of pyridoxine while monitoring for seizure control. Lifelong pyridoxine supplementation is required. Early treatment improves outcomes. If you suspect PDE, consult a neurologist or metabolic specialist.","Pyridoxine-dependent epilepsy is a condition that involves seizures beginning in infancy or, in some cases, before birth. Those affected typically experience prolonged seizures lasting several minutes (status epilepticus). These seizures involve muscle rigidity, convulsions, and loss of consciousness (tonic-clonic seizures). Anticonvulsant drugs, which are usually given to control seizures, are ineffective in people with pyridoxine-dependent epilepsy. Instead, people with this type of seizure are medically treated with large daily doses of pyridoxine (a type of vitamin B6 found in food). Mutations in the ALDH7A1 gene cause pyridoxine-dependent epilepsy. This gene is inherited in an autosomal recessive fashion.",0.19689119170984457,0.26943005181347146,0.34375,0.09473684210526316,0.8675817847251892,What is (are) Pyridoxine-dependent epilepsy ?
0000307-1,"Dystonia is a movement disorder characterized by involuntary muscle contractions, causing repetitive or twisting movements and abnormal postures. These contractions can affect one part of the body (focal dystonia), multiple adjacent areas (segmental dystonia), or the entire body (generalized dystonia). The exact cause is often unknown, but it may result from genetic mutations, brain injury, or certain medications. Symptoms vary in severity and can include tremors, pain, or difficulty with specific tasks (e.g., writing or walking). Treatment depends on the type and severity but may include medications (e.g., botulinum toxin injections), physical therapy, or deep brain stimulation in severe cases. Early diagnosis and management can improve quality of life. For personalized advice, consult a neurologist or movement disorder specialist.","Dystonia is a movement disorder that causes involuntary contractions of your muscles. These contractions result in twisting and repetitive movements. Sometimes they are painful. Dystonia can affect just one muscle, a group of muscles or all of your muscles. Symptoms can include tremors, voice problems or a dragging foot. Symptoms often start in childhood. They can also start in the late teens or early adulthood. Some cases worsen over time. Others are mild. Some people inherit dystonia. Others have it because of another disease. Researchers think that dystonia may be due to a problem in the part of the brain that handles messages about muscle contractions. There is no cure. Doctors use medicines, Botox injections, surgery, physical therapy, and other treatments to reduce or eliminate muscle spasms and pain. NIH: National Institute of Neurological Disorders and Stroke",0.1953125,0.3515625,0.453781512605042,0.1016949152542373,0.8792944550514221,What is (are) Dystonia ?
0000641-1,"Megalencephaly-capillary malformation syndrome (MCAP) is a rare genetic disorder characterized by: 1. **Megalencephaly**: Abnormally large brain, often leading to intellectual disability, developmental delays, or seizures. 2. **Capillary malformations**: Birthmarks caused by abnormal blood vessels (e.g., port-wine stains). 3. **Other features**: Overgrowth of body parts, joint laxity, finger/toe abnormalities, and sometimes vascular anomalies. MCAP is caused by mutations in the *PIK3CA* gene, which affects cell growth. It is typically diagnosed through clinical evaluation, imaging (MRI), and genetic testing. Management focuses on symptom relief (e.g., physical therapy, seizure control) and monitoring for complications. Early intervention can improve quality of life. For personalized advice, consult a geneticist or neurologist.","Megalencephaly-capillary malformation syndrome (MCAP) is a disorder characterized by overgrowth of several tissues in the body. Its primary features are a large brain (megalencephaly) and abnormalities of small blood vessels in the skin called capillaries (capillary malformations). In individuals with MCAP, megalencephaly leads to an unusually large head size (macrocephaly), which is typically evident at birth. After birth, the brain and head continue to grow at a fast rate for the first few years of life; then, the growth slows to a normal rate, although the head remains larger than average. Additional brain abnormalities are common in people with MCAP; these can include excess fluid within the brain (hydrocephalus) and abnormalities in the brain's structure, such as those known as Chiari malformation and polymicrogyria. Abnormal brain development leads to intellectual disability in most affected individuals and can also cause seizures or weak muscle tone (hypotonia). In particular, polymicrogyria is associated with speech delays and difficulty chewing and swallowing. The capillary malformations characteristic of MCAP are composed of enlarged capillaries that increase blood flow near the surface of the skin. These malformations usually look like pink or red spots on the skin. In most affected individuals, capillary malformations occur on the face, particularly the nose, the upper lip, and the area between the nose and upper lip (the philtrum). In other people with MCAP, the malformations appear as patches spread over the body or as a reddish net-like pattern on the skin (cutis marmorata). In some people with MCAP, excessive growth affects not only the brain but other individual parts of the body, which is known as segmental overgrowth. This can lead to one arm or leg that is bigger or longer than the other or a few oversized fingers or toes. Some affected individuals have fusion of the skin between two or more fingers or toes (cutaneous syndactyly). Additional features of MCAP can include flexible joints and skin that stretches easily. Some affected individuals are said to have doughy skin because the tissue under the skin is unusually thick and soft. The gene involved in MCAP is also associated with several types of cancer. Although a small number of individuals with MCAP have developed tumors (in particular, a childhood form of kidney cancer known as Wilms tumor and noncancerous tumors in the nervous system known as meningiomas), people with MCAP do not appear to have a greater risk of developing cancer than the general population.",0.09001956947162426,0.14090019569471623,0.3584905660377358,0.11428571428571428,0.8389525413513184,What is (are) megalencephaly-capillary malformation syndrome ?
0000784-1,"Rosacea is a common, chronic skin condition that primarily affects the face. It often begins with a tendency to blush or flush more easily than others. Over time, it can lead to persistent redness, visible blood vessels, and sometimes small, red, pus-filled bumps. There are four subtypes of rosacea: 1. **Erythematotelangiectatic rosacea**: Redness and visible blood vessels. 2. **Papulopustular rosacea**: Redness, swelling, and acne-like breakouts. 3. **Phymatous rosacea**: Thickened skin, often on the nose (rhinophyma). 4. **Ocular rosacea**: Eye redness, irritation, and swollen eyelids. The exact cause is unknown, but it may involve a combination of hereditary and environmental factors. Triggers can include sun exposure, stress, hot or cold weather, alcohol, and spicy foods. Treatment typically focuses on symptom control through medications, skincare, and avoiding triggers. Consult a dermatologist for personalized advice.","Rosacea is a long-term disease that affects your skin and sometimes your eyes. It causes redness and pimples. Rosacea is most common in women and people with fair skin. It most often affects middle-aged and older adults. In most cases, rosacea only affects the face. Symptoms can include - Frequent redness of the face, or flushing - Small, red lines under the skin - Acne - A swollen nose - Thick skin, usually on the forehead, chin, and cheeks - Red, dry, itchy eyes and sometimes vision problems No one knows what causes rosacea. You may be more likely to have it if you blush a lot or if rosacea runs in your family. Rosacea is not dangerous. There is no cure, but treatments can help. They include medicines and sometimes surgery. NIH: National Institute of Arthritis and Musculoskeletal and Skin Diseases",0.14598540145985403,0.33576642335766427,0.3787878787878788,0.061068702290076333,0.8615505695343018,What is (are) Rosacea ?
0000001_4-5,"The outlook for **Chronic Myelogenous Leukemia (CML)** has improved significantly with **tyrosine kinase inhibitors (TKIs)** like imatinib. Most patients achieve long-term remission, with a **5-year survival rate of ~90%** if diagnosed in the chronic phase. Key factors affecting prognosis: - **Phase at diagnosis**: Chronic phase has the best outlook; accelerated or blast crisis phases are harder to treat. - **Response to TKIs**: Early molecular response (e.g., BCR-ABL1 levels) predicts better outcomes. - **Adherence to treatment**: Consistent TKI use is critical. Some patients may achieve **treatment-free remission** after years of deep molecular response. However, resistance or intolerance to TKIs can occur, requiring alternative therapies. For the most accurate prognosis, consult a hematologist/oncologist. Regular monitoring is essential.",Certain factors affect prognosis (chance of recovery) and treatment options. The prognosis (chance of recovery) and treatment options depend on the following: - The patients age. - The phase of CML. - The amount of blasts in the blood or bone marrow. - The size of the spleen at diagnosis. - The patients general health.,0.1176470588235294,0.18823529411764708,0.14782608695652175,0.008771929824561403,0.8352866172790527,What is the outlook for Chronic Myelogenous Leukemia ?
0000091-2,"Autosomal dominant hyper-IgE syndrome (AD-HIES), also known as Job syndrome, is a rare primary immunodeficiency. Exact prevalence is unknown, but it's estimated to affect **fewer than 1 in 1,000,000 people** worldwide. Due to its rarity, comprehensive epidemiological data is limited. Most cases are identified through genetic testing and clinical presentation, which includes recurrent infections, eczema, and elevated IgE levels. For the most current and precise figures, consulting resources like the **National Institutes of Health (NIH)** or **Orphanet** (a database for rare diseases) is recommended. Would you like help finding these resources?","This condition is rare, affecting fewer than 1 per million people.",0.058823529411764705,0.058823529411764705,0.06593406593406594,0.011111111111111112,0.8619032502174377,How many people are affected by autosomal dominant hyper-IgE syndrome ?
0000053-3,"Andermann syndrome (also called **agenesis of the corpus callosum with peripheral neuropathy**, ACCPN) is a rare autosomal recessive disorder. The primary genetic cause is **biallelic mutations in the *SLC12A6* gene** (located on chromosome 15q13-q15), which encodes the **KCC3 potassium-chloride cotransporter**. These mutations impair ion transport, leading to neurodegeneration and developmental abnormalities. Key features of the syndrome include: - **Agenesis or dysgenesis of the corpus callosum** - **Progressive sensorimotor neuropathy** - **Intellectual disability** - **Characteristic facial features** Diagnosis is confirmed via **genetic testing** for *SLC12A6* mutations. There is no cure, but supportive care (e.g., physical therapy, seizure management) is essential. Would you like details on testing or management?","Mutations in the SLC12A6 gene cause Andermann syndrome. The SLC12A6 gene provides instructions for making a protein called a K-Cl cotransporter. This protein is involved in moving charged atoms (ions) of potassium (K) and chlorine (Cl) across the cell membrane. The positively charged potassium ions and negatively charged chlorine ions are moved together (cotransported), so that the charges inside and outside the cell membrane are unchanged (electroneutral). Electroneutral cotransport of ions across cell membranes is involved in many functions of the body. While the specific function of the K-Cl cotransporter produced from the SLC12A6 gene is unknown, it seems to be critical for the development and maintenance of nerve tissue. It may be involved in regulating the amounts of potassium, chlorine, or water in cells and intercellular spaces. The K-Cl cotransporter protein may also help regulate the activity of other proteins that are sensitive to ion concentrations. Mutations in the SLC12A6 gene that cause Andermann syndrome disrupt the function of the K-Cl cotransporter protein. The lack of functional protein normally produced from the SLC12A6 gene is believed to interfere with the development of the corpus callosum and maintenance of the nerves that transmit signals needed for movement and sensation, resulting in the signs and symptoms of Andermann syndrome.",0.11428571428571428,0.18412698412698414,0.308411214953271,0.08490566037735849,0.8221889734268188,What are the genetic changes related to Andermann syndrome ?
0003444-3,"La Crosse encephalitis is a viral infection spread by mosquitoes, primarily affecting children. There is **no specific antiviral treatment** for the virus itself. Management focuses on **supportive care** to relieve symptoms and prevent complications: 1. **Hospitalization** – Often needed for severe cases, especially in children. 2. **Fluids & Electrolytes** – To prevent dehydration. 3. **Seizure Control** – Anticonvulsants if seizures occur. 4. **Respiratory Support** – Oxygen or ventilation if breathing is impaired. 5. **Monitoring** – For brain swelling (cerebral edema) or increased intracranial pressure. Most patients recover fully, but severe cases may require intensive care. Prevention (mosquito control, repellents) is key, as there is no vaccine. If symptoms worsen, seek emergency care.","How might La Crosse (LAC) encephalitis be treated? There is no specific treatment for LAC encephalitis. Severe cases are treated with supportive therapy which may include hospitalization, respiratory support, IV fluids and prevention of other infections.[9633]",0.14864864864864866,0.1756756756756757,0.1875,0.04504504504504504,0.8490753769874573,What are the treatments for La Crosse encephalitis ?
0000010-13,"Colorectal cancer (CRC) risk increases with: - **Age**: Most cases occur in people over 50. - **Family history**: Having a first-degree relative with CRC or certain genetic syndromes (e.g., Lynch syndrome, FAP) raises risk. - **Personal history**: Prior CRC, polyps, inflammatory bowel disease (e.g., ulcerative colitis, Crohn’s disease), or type 2 diabetes. - **Lifestyle factors**: Obesity, physical inactivity, smoking, heavy alcohol use, and diets high in red/processed meats or low in fiber. - **Race/ethnicity**: Higher risk in Black individuals and Ashkenazi Jews. Screening (e.g., colonoscopy) is recommended starting at **age 45** for average-risk adults (earlier for high-risk groups). If you have concerns, consult a healthcare provider for personalized advice.","Studies show that the following risk factors may increase a person's chances of developing colorectal cancer: age, polyps, personal history, family history, and ulcerative colitis.",0.05970149253731344,0.08955223880597016,0.08256880733944955,0.0,0.8564526438713074,Who is at risk for Colorectal Cancer? ?
0000135-5,"Branchio-oculo-facial syndrome (BOFS) is a rare genetic disorder, and treatment focuses on managing symptoms and improving quality of life. There is no cure, but interventions may include: 1. **Surgical Correction**: For branchial (neck) cysts, cleft lip/palate, or eye abnormalities (e.g., coloboma). 2. **Ophthalmologic Care**: Glasses, patching, or surgery for vision issues (e.g., strabismus, cataracts). 3. **Hearing Management**: Hearing aids or cochlear implants for hearing loss. 4. **Dental Care**: Orthodontics or surgery for dental anomalies. 5. **Speech Therapy**: For speech delays due to cleft palate or hearing impairment. 6. **Genetic Counseling**: For families to understand inheritance risks. Early intervention and a multidisciplinary team (geneticist, surgeon, ENT, ophthalmologist, audiologist) are key. Treatment is tailored to individual symptoms. I don’t know of any specific medications for BOFS itself.",These resources address the diagnosis or management of branchio-oculo-facial syndrome: - Gene Review: Gene Review: Branchiooculofacial Syndrome - Genetic Testing Registry: Branchiooculofacial syndrome - MedlinePlus Encyclopedia: Cleft Lip and Palate These resources from MedlinePlus offer information about the diagnosis and management of various health conditions: - Diagnostic Tests - Drug Therapy - Surgery and Rehabilitation - Genetic Counseling - Palliative Care,0.08602150537634409,0.12903225806451615,0.144,0.0,0.8238266706466675,What are the treatments for branchio-oculo-facial syndrome ?
0000680-3,"Mucopolysaccharidosis type III (MPS III, or Sanfilippo syndrome) is caused by genetic defects in enzymes needed to break down heparan sulfate. There are four subtypes (A-D), each linked to mutations in a different gene: - **MPS IIIA**: *SGSH* gene (chromosome 17q25.3) – encodes heparan N-sulfatase. - **MPS IIIB**: *NAGLU* gene (17q21.2) – encodes α-N-acetylglucosaminidase. - **MPS IIIC**: *HGSNAT* gene (8p11.21) – encodes acetyl-CoA:α-glucosaminide N-acetyltransferase. - **MPS IIID**: *GNS* gene (12q14.3) – encodes N-acetylglucosamine-6-sulfatase. These mutations lead to enzyme deficiency, causing heparan sulfate accumulation in cells, particularly in the brain, leading to progressive neurodegeneration. Inheritance is autosomal recessive. Specific mutations vary widely, even within subtypes. Genetic testing confirms diagnosis.","Mutations in the GNS, HGSNAT, NAGLU, and SGSH genes cause MPS III. These genes provide instructions for making enzymes involved in the breakdown of large sugar molecules called glycosaminoglycans (GAGs). GAGs were originally called mucopolysaccharides, which is where this condition gets its name. The GNS, HGSNAT, NAGLU, and SGSH enzymes are involved in the step-wise breakdown of a subset of GAGs called heparan sulfate. MPS IIIA is caused by mutations in the SGSH gene, and MPS IIIB is caused by NAGLU gene mutations. Mutations in the HGSNAT gene result in MPS IIIC, and GNS gene mutations cause MPS IIID. Mutations in these genes reduce or eliminate enzyme function. A lack of any one of these enzymes disrupts the breakdown of heparan sulfate. As a result, partially broken down heparan sulfate accumulates within cells, specifically inside the lysosomes. Lysosomes are compartments in the cell that digest and recycle different types of molecules. Conditions such as MPS III that cause molecules to build up inside the lysosomes are called lysosomal storage disorders. Researchers believe that the accumulation of GAGs interferes with the functions of other proteins inside the lysosomes and disrupts the normal functions of cells. It is unknown why the buildup of heparan sulfate mostly affects the central nervous system in MPS III.",0.11249999999999999,0.20625,0.3425925925925926,0.06542056074766354,0.8403961062431335,What are the genetic changes related to mucopolysaccharidosis type III ?
0000336-2,"Androgen Insensitivity Syndrome (AIS) is a genetic condition where a person who is genetically male (with XY chromosomes) is resistant to male hormones (androgens). Symptoms vary by type: 1. **Complete AIS (CAIS):** - Female external genitalia. - Absent or minimal pubic/underarm hair. - Undescended testes (often found in the abdomen or groin). - No menstruation (primary amenorrhea). - Breast development at puberty. 2. **Partial AIS (PAIS):** - Ambiguous genitalia (may appear partially male or female). - Possible development of male or female secondary sex characteristics at puberty. 3. **Mild AIS (MAIS):** - Typically male external genitalia. - Possible infertility or reduced sperm production. - Gynecomastia (breast development) in some cases. If you suspect AIS, consult a healthcare provider for evaluation and genetic testing.","What are the signs and symptoms of Androgen insensitivity syndrome? The Human Phenotype Ontology provides the following list of signs and symptoms for Androgen insensitivity syndrome. If the information is available, the table below includes how often the symptom is seen in people with this condition. You can use the MedlinePlus Medical Dictionary to look up the definitions for these medical terms. Signs and Symptoms Approximate number of patients (when available) Abnormal hair quantity 90% Abnormality of female internal genitalia 90% Cryptorchidism 90% Decreased fertility 90% Male pseudohermaphroditism 90% Hernia of the abdominal wall 50% Testicular neoplasm 7.5% Absent facial hair - Elevated follicle stimulating hormone - Elevated luteinizing hormone - Female external genitalia in individual with 46,XY karyotype - Growth abnormality - Gynecomastia - Inguinal hernia - Neoplasm - Primary amenorrhea - Sparse axillary hair - Sparse pubic hair - X-linked recessive inheritance - The Human Phenotype Ontology (HPO) has collected information on how often a sign or symptom occurs in a condition. Much of this information comes from Orphanet, a European rare disease database. The frequency of a sign or symptom is usually listed as a rough estimate of the percentage of patients who have that feature. The frequency may also be listed as a fraction. The first number of the fraction is how many people had the symptom, and the second number is the total number of people who were examined in one study. For example, a frequency of 25/25 means that in a study of 25 people all patients were found to have that symptom. Because these frequencies are based on a specific study, the fractions may be different if another group of patients are examined. Sometimes, no information on frequency is available. In these cases, the sign or symptom may be rare or common.",0.0995260663507109,0.1990521327014218,0.3902439024390244,0.03278688524590164,0.8159119486808777,What are the symptoms of Androgen insensitivity syndrome ?
0000968-2,"The combination of **T-cell immunodeficiency, congenital alopecia, and nail dystrophy** is extremely rare and typically associated with specific genetic syndromes, such as: 1. **FOXN1 deficiency** (also called ""nude"" phenotype) – Fewer than 50 cases reported worldwide. 2. **Other rare syndromes** (e.g., certain forms of ectodermal dysplasia or immunodeficiency disorders) – Exact prevalence unknown. Due to its rarity, **no precise global prevalence** is available. If you suspect this condition, genetic testing and consultation with a clinical geneticist or immunologist are recommended. Would you like guidance on next steps for diagnosis?","T-cell immunodeficiency, congenital alopecia, and nail dystrophy is a rare disorder. It has been diagnosed in only a few individuals, almost all of whom are members of a large extended family from a community in southern Italy.",0.14285714285714288,0.1746031746031746,0.16853932584269662,0.045454545454545456,0.8658917546272278,"How many people are affected by T-cell immunodeficiency, congenital alopecia, and nail dystrophy ?"
0000532-5,"Isolated Duane retraction syndrome (DRS) is typically managed based on symptoms and functional needs. Treatments may include: 1. **Observation**: If symptoms are mild and vision is unaffected, no treatment may be needed. 2. **Prism glasses**: To help with double vision (diplopia) in some cases. 3. **Eye muscle surgery**: Considered if there is significant misalignment, abnormal head posture, or cosmetic concerns. Common procedures include: - **Recession of the medial rectus muscle** (for esotropic DRS). - **Transposition of vertical rectus muscles** (to improve abduction). - **Y-splitting of the lateral rectus** (to reduce globe retraction). Surgery does not restore normal eye movement but can improve alignment and head posture. Physical therapy or vision therapy is generally not effective for DRS. Consult an ophthalmologist or strabismus specialist for personalized advice.",These resources address the diagnosis or management of isolated Duane retraction syndrome: - Gene Review: Gene Review: Duane Syndrome - Genetic Testing Registry: Duane's syndrome - MedlinePlus Encyclopedia: Extraocular Muscle Function Testing These resources from MedlinePlus offer information about the diagnosis and management of various health conditions: - Diagnostic Tests - Drug Therapy - Surgery and Rehabilitation - Genetic Counseling - Palliative Care,0.10582010582010581,0.17989417989417988,0.1746031746031746,0.016,0.807944118976593,What are the treatments for isolated Duane retraction syndrome ?
0003726-1,"Macrocephaly-capillary malformation (M-CM) is a rare genetic disorder. Key symptoms include: 1. **Macrocephaly**: An unusually large head size, often present at birth or developing in infancy. 2. **Capillary malformations**: Flat, red or pink birthmarks (port-wine stains) on the skin, often on the nose, philtrum, or upper lip. 3. **Body overgrowth**: Asymmetrical overgrowth of limbs, fingers, or toes (hemihypertrophy). 4. **Developmental delays**: Mild to moderate intellectual disability or learning difficulties. 5. **Neurological issues**: Low muscle tone (hypotonia), seizures, or structural brain abnormalities (e.g., enlarged ventricles). 6. **Other features**: Joint laxity, loose skin, or distinctive facial features (e.g., full cheeks, wide mouth). If you suspect M-CM, consult a geneticist or pediatric specialist for evaluation. Early intervention (e.g., physical therapy) may help manage symptoms.","What are the signs and symptoms of Macrocephaly-capillary malformation? The Human Phenotype Ontology provides the following list of signs and symptoms for Macrocephaly-capillary malformation. If the information is available, the table below includes how often the symptom is seen in people with this condition. You can use the MedlinePlus Medical Dictionary to look up the definitions for these medical terms. Signs and Symptoms Approximate number of patients (when available) Arteriovenous malformation 90% Asymmetric growth 90% Facial asymmetry 90% Finger syndactyly 90% Foot polydactyly 90% Hand polydactyly 90% Macrocephaly 90% Telangiectasia of the skin 90% Toe syndactyly 90% Visceral angiomatosis 90% Wide mouth 90% Aplasia/Hypoplasia of the cerebellum 50% Cognitive impairment 50% Cutis marmorata 50% Frontal bossing 50% Full cheeks 50% High forehead 50% Hydrocephalus 50% Hypermelanotic macule 50% Joint hypermobility 50% Muscular hypotonia 50% Ventriculomegaly 50% Abnormality of neuronal migration 7.5% Arnold-Chiari malformation 7.5% Arrhythmia 7.5% Cerebral ischemia 7.5% Deeply set eye 7.5% Depressed nasal bridge 7.5% Optic atrophy 7.5% Broad forehead - Cavum septum pellucidum - Epicanthus - Hernia - Hypertelorism - Intellectual disability - Joint laxity - Large earlobe - Leukemia - Megalencephaly - Meningioma - Microphthalmia - Nephroblastoma (Wilms tumor) - Overgrowth - Polydactyly - Polymicrogyria - Progressive macrocephaly - Seizures - Smooth philtrum - Somatic mutation - Sporadic - Syndactyly - Ventricular septal defect - The Human Phenotype Ontology (HPO) has collected information on how often a sign or symptom occurs in a condition. Much of this information comes from Orphanet, a European rare disease database. The frequency of a sign or symptom is usually listed as a rough estimate of the percentage of patients who have that feature. The frequency may also be listed as a fraction. The first number of the fraction is how many people had the symptom, and the second number is the total number of people who were examined in one study. For example, a frequency of 25/25 means that in a study of 25 people all patients were found to have that symptom. Because these frequencies are based on a specific study, the fractions may be different if another group of patients are examined. Sometimes, no information on frequency is available. In these cases, the sign or symptom may be rare or common.",0.06072874493927125,0.12955465587044535,0.2975206611570248,0.008333333333333333,0.7983562350273132,What are the symptoms of Macrocephaly-capillary malformation ?
0000224-2,"Congenital fiber-type disproportion (CFTD) is a rare genetic muscle disorder. Precise prevalence data is limited due to its rarity, but it is estimated to affect fewer than **1 in 100,000 individuals**. Some studies suggest it may account for **1-3% of congenital myopathies**, a broader category of muscle diseases present at birth. Because CFTD is so uncommon, large-scale epidemiological studies are lacking. If you suspect this condition, consultation with a neurologist or genetic specialist is recommended for accurate diagnosis and management.","Congenital fiber-type disproportion is thought to be a rare condition, although its prevalence is unknown.",0.16842105263157897,0.23157894736842105,0.225,0.0379746835443038,0.8772305846214294,How many people are affected by congenital fiber-type disproportion ?
0000027-1,"Age-related macular degeneration (AMD) is a common eye condition that affects the macula, the central part of the retina responsible for sharp, central vision. It typically occurs in people aged 50 and older and is a leading cause of vision loss in older adults. There are two main types: 1. **Dry AMD (non-exudative)**: More common (80-90% of cases), it involves thinning of the macula and gradual vision loss. 2. **Wet AMD (exudative)**: Less common but more severe, it involves abnormal blood vessel growth under the retina, leading to rapid vision loss if untreated. Symptoms include blurred or distorted central vision, difficulty recognizing faces, or dark spots in vision. Risk factors include age, smoking, family history, and cardiovascular disease. Early detection through regular eye exams is key. While there’s no cure, treatments (e.g., anti-VEGF injections for wet AMD) can slow progression. Lifestyle changes (e.g., diet rich in leafy greens, not smoking) may help reduce risk.","Age-related macular degeneration is an eye disease that is a leading cause of vision loss in older people in developed countries. The vision loss usually becomes noticeable in a person's sixties or seventies and tends to worsen over time. Age-related macular degeneration mainly affects central vision, which is needed for detailed tasks such as reading, driving, and recognizing faces. The vision loss in this condition results from a gradual deterioration of light-sensing cells in the tissue at the back of the eye that detects light and color (the retina). Specifically, age-related macular degeneration affects a small area near the center of the retina, called the macula, which is responsible for central vision. Side (peripheral) vision and night vision are generally not affected. Researchers have described two major types of age-related macular degeneration, known as the dry form and the wet form. The dry form is much more common, accounting for 85 to 90 percent of all cases of age-related macular degeneration. It is characterized by a buildup of yellowish deposits called drusen beneath the retina and slowly progressive vision loss. The condition typically affects vision in both eyes, although vision loss often occurs in one eye before the other. The wet form of age-related macular degeneration is associated with severe vision loss that can worsen rapidly. This form of the condition is characterized by the growth of abnormal, fragile blood vessels underneath the macula. These vessels leak blood and fluid, which damages the macula and makes central vision appear blurry and distorted.",0.16748768472906403,0.3300492610837438,0.4805194805194805,0.1568627450980392,0.8680737614631653,What is (are) age-related macular degeneration ?
0000308-2,"Dyskeratosis congenita (DC) is a rare genetic disorder. Precise prevalence is unknown, but it's estimated to affect **1 in 1 million people** worldwide. Some studies suggest it may be underdiagnosed due to its variable presentation. The condition primarily affects males more severely due to its X-linked recessive inheritance pattern, though autosomal dominant and recessive forms also exist. Symptoms typically appear in childhood, with mucocutaneous features (e.g., abnormal skin pigmentation, nail dystrophy) and bone marrow failure. For the most current data, consult resources like the **Dyskeratosis Congenita Outreach** or **National Organization for Rare Disorders (NORD)**. If you suspect DC, genetic testing and consultation with a hematologist or geneticist are recommended.",The exact prevalence of dyskeratosis congenita is unknown. It is estimated to occur in approximately 1 in 1 million people.,0.13953488372093023,0.20155038759689922,0.1651376146788991,0.037037037037037035,0.871096134185791,How many people are affected by dyskeratosis congenita ?
0000677-1,"Mucolipidosis type IV (MLIV) is a rare, inherited metabolic disorder caused by mutations in the *MCOLN1* gene. This gene provides instructions for making a protein called mucolipin-1, which is involved in cellular transport and waste processing. MLIV primarily affects the brain, eyes, and other organs. Symptoms usually appear in infancy and may include: - **Developmental delays** (motor and cognitive) - **Vision problems** (corneal clouding, retinal degeneration, strabismus) - **Hypotonia** (low muscle tone) - **Intellectual disability** There is no cure for MLIV, but supportive care (e.g., physical therapy, vision aids) can help manage symptoms. The condition is progressive, but life expectancy varies. Genetic testing confirms the diagnosis. For more details, consult a geneticist or metabolic specialist.","Mucolipidosis type IV is an inherited disorder characterized by delayed development and vision impairment that worsens over time. The severe form of the disorder is called typical mucolipidosis type IV, and the mild form is called atypical mucolipidosis type IV. Approximately 95 percent of individuals with this condition have the severe form. People with typical mucolipidosis type IV have delayed development of mental and motor skills (psychomotor delay). Motor skills include sitting, standing, walking, grasping objects, and writing. Psychomotor delay is moderate to severe and usually becomes apparent during the first year of life. Affected individuals have intellectual disability, limited or absent speech, difficulty chewing and swallowing, weak muscle tone (hypotonia) that gradually turns into abnormal muscle stiffness (spasticity), and problems controlling hand movements. Most people with typical mucolipidosis type IV are unable to walk independently. In about 15 percent of affected individuals, the psychomotor problems worsen over time. Vision may be normal at birth in people with typical mucolipidosis type IV, but it becomes increasingly impaired during the first decade of life. Individuals with this condition develop clouding of the clear covering of the eye (cornea) and progressive breakdown of the light-sensitive layer at the back of the eye (retina). By their early teens, affected individuals have severe vision loss or blindness. People with typical mucolipidosis type IV also have impaired production of stomach acid (achlorhydria). Achlorhydria does not cause any symptoms in these individuals, but it does result in unusually high levels of gastrin in the blood. Gastrin is a hormone that regulates the production of stomach acid. Individuals with mucolipidosis type IV may not have enough iron in their blood, which can lead to a shortage of red blood cells (anemia). People with the severe form of this disorder usually survive to adulthood; however, they may have a shortened lifespan. About 5 percent of affected individuals have atypical mucolipidosis type IV. These individuals usually have mild psychomotor delay and may develop the ability to walk. People with atypical mucolipidosis type IV tend to have milder eye abnormalities than those with the severe form of the disorder. Achlorhydria also may be present in mildly affected individuals.",0.08879492600422832,0.15644820295983086,0.3217391304347826,0.043859649122807015,0.8294309973716736,What is (are) mucolipidosis type IV ?
0000216-7,"Urine blockage in newborns (urinary obstruction) is a serious condition requiring immediate medical attention. Here’s what to do: 1. **Seek Emergency Care**: Go to the nearest hospital or call emergency services. This is a medical emergency. 2. **Do Not Delay**: Obstruction can damage kidneys or cause life-threatening complications like urinary tract infections (UTIs) or electrolyte imbalances. 3. **Diagnosis**: Doctors will likely perform an ultrasound, blood tests, or a voiding cystourethrogram (VCUG) to identify the cause (e.g., posterior urethral valves, ureteropelvic junction obstruction). 4. **Treatment**: Depends on the cause but may include: - **Catheterization**: To drain urine temporarily. - **Surgery**: To correct anatomical blockages (e.g., valve ablation). - **Medication**: For infections or to stabilize the baby. **Do not attempt home remedies**—this requires professional intervention. If unsure about symptoms (e.g., no urine output, swelling, fussiness), seek help immediately.","Researchers have not found that a mothers eating, diet, and nutrition play a role in causing or preventing urine blockage in newborns.",0.050632911392405056,0.08860759493670886,0.11029411764705882,0.014814814814814815,0.8174203038215637,What to do for Urine Blockage in Newborns ?
0001102-1,"8p11 myeloproliferative syndrome (EMS), also known as **stem cell leukemia/lymphoma syndrome (SCLL)**, is a rare, aggressive blood cancer caused by a genetic abnormality on chromosome 8 (specifically the **8p11 locus**). This leads to the fusion of the **FGFR1 gene** with various partner genes, driving uncontrolled cell growth. Key features include: - **Myeloproliferative neoplasm (MPN)**: Overproduction of white blood cells (eosinophils, neutrophils, or monocytes). - **Lymphoma**: Often T-cell or B-cell lymphoblastic lymphoma. - **Rapid progression**: Can evolve into acute myeloid leukemia (AML) or acute lymphoblastic leukemia (ALL). Symptoms may include fatigue, night sweats, weight loss, enlarged lymph nodes, or organ damage (e.g., spleen, liver). Diagnosis requires **cytogenetic testing** (FISH or PCR) to detect the **FGFR1 rearrangement**. Treatment is challenging; options include **chemotherapy, targeted therapies (e.g., FGFR1 inhibitors like pemigatinib), or stem cell transplant**. Prognosis is generally poor without early intervention. Would you like details on specific treatments?","8p11 myeloproliferative syndrome is a blood cancer that involves different types of blood cells. Blood cells are divided into several groups (lineages) based on the type of early cell from which they are descended. Two of these lineages are myeloid cells and lymphoid cells. Individuals with 8p11 myeloproliferative syndrome can develop both myeloid cell cancer and lymphoid cell cancer. The condition can occur at any age. It usually begins as a myeloproliferative disorder, which is characterized by a high number of white blood cells (leukocytes). Most affected individuals also have an excess of myeloid cells known as eosinophils (eosinophilia). In addition to a myeloproliferative disorder, many people with 8p11 myeloproliferative syndrome develop lymphoma, which is a form of blood cancer that involves lymphoid cells. The cancerous lymphoid cells grow and divide in lymph nodes, forming a tumor that enlarges the lymph nodes. In most cases of 8p11 myeloproliferative syndrome, the cancerous cells are lymphoid cells called T cells. Lymphoma can develop at the same time as the myeloproliferative disorder or later. In most people with 8p11 myeloproliferative syndrome, the myeloproliferative disorder develops into a fast-growing blood cancer called acute myeloid leukemia. The rapid myeloid and lymphoid cell production caused by these cancers results in enlargement of the spleen and liver (splenomegaly and hepatomegaly, respectively). Most people with 8p11 myeloproliferative syndrome have symptoms such as fatigue or night sweats. Some affected individuals have no symptoms, and the condition is discovered through routine blood tests.",0.12339331619537275,0.2159383033419023,0.3356164383561644,0.0896551724137931,0.8362672328948975,What is (are) 8p11 myeloproliferative syndrome ?
0000505-1,"Yes. Indoor air pollution refers to harmful contaminants in indoor air, such as: - **Particulate matter** (dust, smoke, pet dander) - **Volatile organic compounds (VOCs)** from paints, cleaners, and furniture - **Biological pollutants** (mold, bacteria, viruses) - **Carbon monoxide** from gas stoves or heaters - **Radon**, a naturally occurring radioactive gas **Health effects** may include: - Respiratory issues (asthma, allergies) - Headaches, dizziness, fatigue - Long-term risks like heart disease or cancer (e.g., radon exposure) **Prevention tips:** - Improve ventilation (open windows, use exhaust fans) - Avoid smoking indoors - Use air purifiers with HEPA filters - Test for radon if in a high-risk area - Choose low-VOC products For persistent symptoms, consult a healthcare provider. The EPA (Environmental Protection Agency) offers detailed guidance.","Summary : We usually think of air pollution as being outdoors, but the air in your house or office could also be polluted. Sources of indoor pollution include - Mold and pollen - Tobacco smoke - Household products and pesticides - Gases such as radon and carbon monoxide - Materials used in the building such as asbestos, formaldehyde and lead Sometimes a group of people have symptoms that seem to be linked to time spent in a certain building. There may be a specific cause, such as Legionnaire's disease. Sometimes the cause of the illness cannot be found. This is known as sick building syndrome. Usually indoor air quality problems only cause discomfort. Most people feel better as soon as they remove the source of the pollution. However, some pollutants can cause diseases that show up much later, such as respiratory diseases or cancer. Making sure that your building is well-ventilated and getting rid of pollutants can improve the quality of your indoor air. Environmental Protection Agency",0.10996563573883163,0.18556701030927836,0.2903225806451613,0.024390243902439025,0.8408613801002502,Do you have information about Indoor Air Pollution
0000708-1,"Myostatin-related muscle hypertrophy is a rare genetic condition that causes increased muscle mass and strength. It occurs due to mutations in the *MSTN* gene, which normally limits muscle growth by producing myostatin, a protein that inhibits muscle development. When myostatin is reduced or absent, muscles grow larger and stronger than usual. This condition is typically inherited in an autosomal dominant pattern, meaning one copy of the altered gene can cause the disorder. Symptoms include: - Noticeable muscle bulk from childhood. - Increased muscle strength. - Possible reduced body fat. It is not associated with health problems, but individuals may be more prone to muscle strains or injuries. Diagnosis involves genetic testing. There is no specific treatment, but regular exercise and monitoring are recommended.","Myostatin-related muscle hypertrophy is a rare condition characterized by reduced body fat and increased muscle size. Affected individuals have up to twice the usual amount of muscle mass in their bodies. They also tend to have increased muscle strength. Myostatin-related muscle hypertrophy is not known to cause any medical problems, and affected individuals are intellectually normal.",0.23463687150837986,0.3463687150837989,0.35772357723577236,0.09016393442622951,0.8853287696838379,What is (are) myostatin-related muscle hypertrophy ?
0000263-3,"Cystinosis is caused by mutations in the **CTNS gene**, located on chromosome 17p13. This gene encodes **cystinosin**, a lysosomal membrane protein responsible for transporting the amino acid cystine out of lysosomes. Over **100 different mutations** have been identified, including: - **Deletions** (most common, e.g., 57-kb deletion in ~50% of patients of European descent) - **Nonsense mutations** (premature stop codons) - **Missense mutations** (altered protein function) - **Splice-site mutations** (disrupted mRNA processing) These mutations lead to **cystine accumulation** in lysosomes, causing cellular damage, particularly in the kidneys, eyes, and other organs. The severity of symptoms often correlates with the type of mutation (e.g., severe infantile nephropathic cystinosis vs. milder late-onset forms). For precise genetic diagnosis, **molecular testing** (e.g., sequencing, deletion/duplication analysis) is recommended. Would you like details on testing or inheritance?","All three types of cystinosis are caused by mutations in the CTNS gene. Mutations in this gene lead to a deficiency of a transporter protein called cystinosin. Within cells, this protein normally moves cystine out of the lysosomes, which are compartments in the cell that digest and recycle materials. When cystinosin is defective or missing, cystine accumulates and forms crystals in the lysosomes. The buildup of cystine damages cells in the kidneys and eyes and may also affect other organs.",0.1904761904761905,0.3238095238095238,0.2846153846153846,0.07751937984496124,0.8579720854759216,What are the genetic changes related to cystinosis ?
0000718-2,"Neonatal Onset Multisystem Inflammatory Disease (NOMID), also known as Chronic Infantile Neurological Cutaneous and Articular (CINCA) syndrome, is an extremely rare autoinflammatory disorder. Exact prevalence is unknown, but it is estimated to affect fewer than **1 in 1,000,000 people** worldwide. Due to its rarity, comprehensive epidemiological data is limited. Most cases are diagnosed in infancy or early childhood. If you suspect this condition, consult a pediatric rheumatologist or clinical geneticist for evaluation. Early diagnosis and treatment are critical.",NOMID is a very rare disorder; approximately 100 affected individuals have been reported worldwide.,0.06521739130434782,0.08695652173913043,0.08974358974358974,0.0,0.8549649715423584,How many people are affected by neonatal onset multisystem inflammatory disease ?
0000313-1,"Eating disorders are serious mental health conditions characterized by unhealthy eating behaviors, thoughts, and emotions about food, weight, and body shape. The most common types include: 1. **Anorexia Nervosa**: Extreme restriction of food intake, leading to significantly low body weight, intense fear of gaining weight, and distorted body image. 2. **Bulimia Nervosa**: Recurrent episodes of binge eating followed by compensatory behaviors like vomiting, excessive exercise, or laxative use. 3. **Binge Eating Disorder**: Frequent episodes of eating large amounts of food in a short time, often accompanied by feelings of loss of control and distress. Other types include Avoidant/Restrictive Food Intake Disorder (ARFID) and Other Specified Feeding or Eating Disorder (OSFED). These disorders can have severe physical and psychological consequences and often require professional treatment, including therapy, medical monitoring, and sometimes medication. If you or someone you know is struggling, seek help from a healthcare provider.","Eating disorders are serious behavior problems. They can include severe overeating or not consuming enough food to stay healthy. They also involve extreme concern about your shape or weight. Types of eating disorders include - Anorexia nervosa, in which you become too thin, but you don't eat enough because you think you are fat - Bulimia nervosa, which involves periods of overeating followed by purging, sometimes through self-induced vomiting or using laxatives - Binge-eating, which is out-of-control eating Women are more likely than men to have eating disorders. They usually start in the teenage years and often occur along with depression, anxiety disorders, and substance abuse. Eating disorders can lead to heart and kidney problems and even death. Getting help early is important. Treatment involves monitoring, talk therapy, nutritional counseling, and sometimes medicines. NIH: National Institute of Mental Health",0.16901408450704222,0.30281690140845074,0.3931034482758621,0.0625,0.8792759776115417,What is (are) Eating Disorders ?
0001289-1,"A **chromosome 6p deletion** is a rare genetic condition where a portion of the short arm (p) of chromosome 6 is missing. The effects depend on the size and location of the deleted segment but may include: - **Developmental delays** (speech, motor skills) - **Intellectual disability** (mild to severe) - **Distinct facial features** (e.g., wide-set eyes, low-set ears) - **Heart defects** (in some cases) - **Hearing or vision problems** - **Growth delays** Symptoms vary widely, and some individuals may have mild or no noticeable issues. Diagnosis is confirmed via genetic testing (e.g., chromosomal microarray). Management focuses on addressing specific symptoms (e.g., therapy, medical interventions). For personalized information, consult a geneticist or healthcare provider. I don’t know the exact prognosis without clinical details.","Chromosome 6p deletion is a chromosome abnormality that occurs when there is a missing copy of the genetic material located on the short arm (p) of chromosome 6. The severity of the condition and the signs and symptoms depend on the size and location of the deletion and which genes are involved. Features that often occur in people with chromosome 6p deletion include developmental delay, intellectual disability, behavioral problems, and distinctive facial features. Chromosome 6p deletion can be de novo or inherited from a parent with a chromosomal rearrangement such as a balanced translocation. Treatment is based on the signs and symptoms present in each person.",0.21929824561403508,0.29824561403508765,0.30327868852459017,0.11570247933884298,0.86527019739151,What is (are) Chromosome 6p deletion ?
0004670-1,"Pachygyria, particularly in the frontotemporal region, is a type of **lissencephaly** (smooth brain) caused by abnormal neuronal migration during development. Symptoms often include: - **Developmental delays**: Significant delays in motor skills (sitting, crawling, walking) and speech. - **Intellectual disability**: Varies from mild to severe. - **Seizures**: Often difficult to control, including infantile spasms or epilepsy. - **Muscle tone abnormalities**: Hypotonia (low tone) or spasticity (stiffness). - **Feeding difficulties**: Poor sucking/swallowing in infancy. - **Behavioral issues**: Autism spectrum disorder or ADHD-like symptoms may occur. Symptoms depend on the severity and location of brain malformation. Diagnosis requires **MRI imaging** and genetic testing. Early intervention (therapy, medications) can help manage symptoms. If you suspect this condition, consult a **pediatric neurologist** for evaluation.","What are the signs and symptoms of Pachygyria, frontotemporal? The Human Phenotype Ontology provides the following list of signs and symptoms for Pachygyria, frontotemporal. If the information is available, the table below includes how often the symptom is seen in people with this condition. You can use the MedlinePlus Medical Dictionary to look up the definitions for these medical terms. Signs and Symptoms Approximate number of patients (when available) Autosomal recessive inheritance - Esotropia - Hypertelorism - Intellectual disability, moderate - Pachygyria - Seizures - Telecanthus - The Human Phenotype Ontology (HPO) has collected information on how often a sign or symptom occurs in a condition. Much of this information comes from Orphanet, a European rare disease database. The frequency of a sign or symptom is usually listed as a rough estimate of the percentage of patients who have that feature. The frequency may also be listed as a fraction. The first number of the fraction is how many people had the symptom, and the second number is the total number of people who were examined in one study. For example, a frequency of 25/25 means that in a study of 25 people all patients were found to have that symptom. Because these frequencies are based on a specific study, the fractions may be different if another group of patients are examined. Sometimes, no information on frequency is available. In these cases, the sign or symptom may be rare or common.",0.1,0.2111111111111111,0.31932773109243695,0.0,0.801374077796936,"What are the symptoms of Pachygyria, frontotemporal ?"
0000265-4,"Loiasis, also known as ""African eye worm,"" is a parasitic infection caused by the filarial worm *Loa loa*. It's transmitted to humans through the bite of infected deerflies (*Chrysops* species) in Central and West Africa. Symptoms may include: - **Calabar swellings**: Temporary, localized swellings, often on limbs, caused by the worm’s migration. - **Eye worm**: Visible migration of the adult worm across the eye’s surface (usually painless but alarming). - Itching, joint pain, or fatigue. Most cases are mild, but heavy infections can lead to complications like encephalitis (rare). Diagnosis is typically made by identifying microfilariae in blood or seeing the worm in the eye. Treatment involves antiparasitic medications (e.g., diethylcarbamazine), but caution is needed due to potential severe reactions in high-load infections. Prevention includes avoiding fly bites with protective clothing and insect repellent. If you suspect infection, consult a healthcare provider.",Loiasis is an infection caused by the parasitic worm Loa loa.,0.0784313725490196,0.0915032679738562,0.14084507042253522,0.03546099290780142,0.8628821969032288,What is (are) Parasites - Loiasis ?
0000330-3,"Essential tremor (ET) is primarily a clinical diagnosis, but genetic factors play a role in about 50% of cases. Several genetic changes have been linked to ET, though no single gene is responsible for all cases. Key findings include: - **Autosomal dominant inheritance**: Many families show a pattern suggesting a single gene mutation is passed down. - **LINGO1 gene**: Variants in this gene have been associated with increased ET risk, though its exact role is unclear. - **ETM1 (3q13) and ETM2 (2p24.1)**: These loci have been linked to familial ET, but specific genes remain unidentified. - **Other genes**: Variants in *FUS*, *TENM4*, and *SLC1A2* have been reported in some studies, but their significance is still under investigation. Most cases are likely polygenic, involving multiple genetic and environmental factors. Genetic testing is not routinely recommended for ET. If you have concerns, consult a neurologist or genetic counselor.","The causes of essential tremor are unknown. Researchers are studying several areas (loci) on particular chromosomes that may be linked to essential tremor, but no specific genetic associations have been confirmed. Several genes as well as environmental factors likely help determine an individual's risk of developing this complex condition. The specific changes in the nervous system that account for the signs and symptoms of essential tremor are unknown.",0.11214953271028036,0.205607476635514,0.2945205479452055,0.04827586206896552,0.855714738368988,What are the genetic changes related to essential tremor ?
0000159-3,"Lupus nephritis is kidney inflammation caused by systemic lupus erythematosus (SLE). Symptoms may include: - **Swelling (edema):** Often in the legs, ankles, feet, or around the eyes. - **Foamy urine:** Due to excess protein (proteinuria). - **High blood pressure:** Often difficult to control. - **Frequent urination:** Especially at night (nocturia). - **Blood in urine (hematuria):** May appear dark or tea-colored. - **Weight gain:** From fluid retention. - **Fatigue or weakness:** Due to kidney dysfunction or anemia. Some patients may also experience general lupus symptoms like joint pain, rash, or fever. If you suspect lupus nephritis, consult a healthcare provider for evaluation, including urine tests, blood tests, or a kidney biopsy. Early diagnosis and treatment are crucial.","The symptoms of lupus nephritis may include high blood pressure, foamy urine, and edemaswelling, usually in the legs, feet, or ankles and less often in the hands or face. Kidney problems often develop at the same time or shortly after lupus symptoms appear and can include - joint pain or swelling - muscle pain - fever with no known cause - red rashes, often on the face, which are also called butterfly rashes because of their shape",0.18652849740932642,0.31088082901554404,0.3620689655172414,0.05217391304347826,0.8548685908317566,What are the symptoms of Lupus Nephritis ?
0003027-1,"**Hypertrichosis lanuginosa congenita** is a rare genetic condition present at birth, characterized by excessive hair growth (hypertrichosis) over the entire body. The hair is fine, soft, and unpigmented—resembling lanugo, the hair that normally covers a fetus and sheds before or shortly after birth. This condition is typically non-progressive and not associated with other major health problems, though it may cause social or psychological challenges. It can occur as an isolated trait or as part of a syndrome (e.g., Ambras syndrome). Management focuses on cosmetic hair removal (e.g., laser therapy, shaving) if desired. There is no cure, but the condition itself is not harmful. For a precise diagnosis or personalized advice, consult a geneticist or dermatologist.","Hypertrichosis lanuginosa congenita is a congenital (present from birth) skin disease characterized by excessive lanugo (very fine, soft, unpigmented) hair covering the entire body, with the exception of the palms, soles, and mucous membranes. The hair can grow to be 3 to 5 cm in length. This condition appears to follow an autosomal dominant pattern of inheritance.",0.19767441860465118,0.2558139534883721,0.3130434782608696,0.07017543859649122,0.8727921843528748,What is (are) Hypertrichosis lanuginosa congenita ?
0001503-3,"Congenital dyserythropoietic anemia type 2 (CDA II) treatment focuses on managing symptoms and complications. Key approaches include: 1. **Blood transfusions**: For severe anemia, though frequent transfusions may lead to iron overload. 2. **Iron chelation therapy**: To manage iron overload from transfusions (e.g., deferasirox, deferoxamine). 3. **Splenectomy**: May reduce hemolysis and transfusion needs in some cases, but risks infection and thrombosis. 4. **Folic acid supplementation**: To support red blood cell production. 5. **Monitoring**: Regular checks for complications like gallstones, iron overload, or liver dysfunction. There’s no cure, and treatment is tailored to individual needs. Consult a hematologist for personalized care. I don’t know of any emerging therapies with proven efficacy yet.","How might congenital dyserythropoietic anemia (CDA) type 2 be treated? The goal of CDA type 2 treatment is to address and prevent complications from anemia and iron overload. Most people with CDA type 2 develop iron overload, for some this is as early as in their 20's. If a person with CDA type 2 has mild anemia, but evidence of iron loading, treatment may involve phlebotomy. An alternative treatment is chelation therapy. In particular, chelation therapy is preferred for people with iron (ferritin) levels greater than 1000 mg/L. The Iron Disorders Institute provides information on chelation therapy through their Web site at: http://www.irondisorders.org/chelation-therapy Many people with CDA-2 maintain hemoglobin levels just above the threshold for symptoms. Mild anemia may not need treatment, as long as it doesn't worsen. Less commonly CDA-2 causes severe anemia. Treatment of severe anemia may involve blood transfusions. Blood transfusions can raise iron levels so, careful monitoring and treatment for iron overload is required. The National Heart, Lung, and Blood Institute offers tips for living with hemolytic anemia at the following link: http://www.nhlbi.nih.gov/health/health-topics/topics/ha/livingwith Splenectomy is considered for people with CDA-2 and severe anemia. Splenectomy can cause a consistent rise in hemoglobin values. The spleen, however, is important in fighting infection. People, particularly children, who have had a splenectomy are more likely to contract a serious and possibly life-threatening infection (sepsis). This risk must be carefully weighed. Splenectomy does not affect iron overload. Lastly, people with very severe CDA-2 may be candidates for hematopoietic stem cell transplantation (HSCT). Currently this is the only available curative treatment for CDA-2.",0.11859838274932616,0.22102425876010778,0.4,0.07339449541284404,0.8376072645187378,What are the treatments for Congenital dyserythropoietic anemia type 2 ?
0004461-2,"Norrie disease is a rare genetic disorder primarily affecting the eyes. Key symptoms include: 1. **Eye Abnormalities**: Severe vision loss or blindness at birth or early infancy due to abnormal retinal development (pseudoglioma), cataracts, or phthisis bulbi (shrinking of the eyeball). 2. **Hearing Loss**: Progressive sensorineural hearing loss, often beginning in childhood or adolescence. 3. **Developmental Delays**: Some individuals may experience cognitive delays, behavioral issues, or intellectual disability, though this varies. Other possible features include peripheral vascular disease or seizures, but these are less common. If you suspect Norrie disease, consult a healthcare provider for evaluation and genetic testing. Early intervention can help manage symptoms.","What are the signs and symptoms of Norrie disease? The Human Phenotype Ontology provides the following list of signs and symptoms for Norrie disease. If the information is available, the table below includes how often the symptom is seen in people with this condition. You can use the MedlinePlus Medical Dictionary to look up the definitions for these medical terms. Signs and Symptoms Approximate number of patients (when available) Abnormality of the retinal vasculature 90% Anterior chamber synechiae 90% Aplasia/Hypoplasia of the iris 90% Cataract 90% Chorioretinal abnormality 90% Deeply set eye 90% Hypotelorism 90% Macrotia 90% Narrow nasal bridge 90% Neoplasm of the eye 90% Opacification of the corneal stroma 90% Sclerocornea 90% Vascular neoplasm 90% Abnormality of the vitreous humor 50% Aplasia/Hypoplasia of the lens 50% Cognitive impairment 50% Erectile abnormalities 50% Nystagmus 50% Retinal detachment 50% Sensorineural hearing impairment 50% Stereotypic behavior 50% Venous insufficiency 50% Abnormality of immune system physiology 7.5% Abnormality of the diencephalon 7.5% Abnormality of the helix 7.5% Abnormality of the pupil 7.5% Aplasia/Hypoplasia of the cerebellum 7.5% Attention deficit hyperactivity disorder 7.5% Autism 7.5% Cerebral cortical atrophy 7.5% Cryptorchidism 7.5% Decreased body weight 7.5% Developmental regression 7.5% Diabetes mellitus 7.5% Ectopia lentis 7.5% EEG abnormality 7.5% Glaucoma 7.5% Hallucinations 7.5% Hyperreflexia 7.5% Hypertonia 7.5% Hypoplasia of the zygomatic bone 7.5% Involuntary movements 7.5% Microcephaly 7.5% Migraine 7.5% Muscle weakness 7.5% Muscular hypotonia 7.5% Optic atrophy 7.5% Scoliosis 7.5% Seizures 7.5% Self-injurious behavior 7.5% Sleep disturbance 7.5% Thin vermilion border 7.5% Aggressive behavior - Blindness - Dementia - Hypoplasia of the iris - Intellectual disability, progressive - Microphthalmia - Psychosis - Retinal dysplasia - Retinal fold - Shallow anterior chamber - X-linked recessive inheritance - The Human Phenotype Ontology (HPO) has collected information on how often a sign or symptom occurs in a condition. Much of this information comes from Orphanet, a European rare disease database. The frequency of a sign or symptom is usually listed as a rough estimate of the percentage of patients who have that feature. The frequency may also be listed as a fraction. The first number of the fraction is how many people had the symptom, and the second number is the total number of people who were examined in one study. For example, a frequency of 25/25 means that in a study of 25 people all patients were found to have that symptom. Because these frequencies are based on a specific study, the fractions may be different if another group of patients are examined. Sometimes, no information on frequency is available. In these cases, the sign or symptom may be rare or common.",0.06284658040665435,0.1404805914972274,0.3904761904761905,0.028846153846153848,0.7924162745475769,What are the symptoms of Norrie disease ?
0000119-1,"Proctitis is inflammation of the lining of the rectum, the lower end of the large intestine. It can cause symptoms such as: - Rectal pain or discomfort - Urgency to have a bowel movement - Rectal bleeding or mucus discharge - Diarrhea or tenesmus (feeling of incomplete evacuation) Common causes include infections (e.g., sexually transmitted infections, foodborne illnesses), inflammatory bowel disease (like ulcerative colitis or Crohn’s disease), radiation therapy, or trauma. Treatment depends on the underlying cause and may include antibiotics, anti-inflammatory medications, or lifestyle changes. If you suspect proctitis, consult a healthcare provider for evaluation and appropriate management.","Proctitis is inflammation of the lining of the rectum, the lower end of the large intestine leading to the anus. The large intestine and anus are part of the gastrointestinal (GI) tract. The GI tract is a series of hollow organs joined in a long, twisting tube from the mouth to the anus. The movement of muscles in the GI tract, along with the release of hormones and enzymes, allows for the digestion of food. With proctitis, inflammation of the rectal liningcalled the rectal mucosais uncomfortable and sometimes painful. The condition may lead to bleeding or mucous discharge from the rectum, among other symptoms.",0.22660098522167488,0.3054187192118226,0.36363636363636365,0.15306122448979592,0.8618455529212952,What is (are) Proctitis ?
0000588-4,"Yes, **Leber hereditary optic neuropathy (LHON)** is inherited, but in a specific way: - **Mitochondrial inheritance**: LHON is caused by mutations in mitochondrial DNA (mtDNA), which is passed **only from mother to child** (both sons and daughters). - **Variable expression**: Not everyone with the mutation develops vision loss; men are more commonly affected than women. - **No father-to-child transmission**: Fathers with LHON do not pass the condition to their children. If you suspect LHON, genetic testing and consultation with a neurologist or ophthalmologist are recommended.","LHON has a mitochondrial pattern of inheritance, which is also known as maternal inheritance. This pattern of inheritance applies to genes contained in mtDNA. Because egg cells, but not sperm cells, contribute mitochondria to the developing embryo, children can only inherit disorders resulting from mtDNA mutations from their mother. These disorders can appear in every generation of a family and can affect both males and females, but fathers do not pass traits associated with changes in mtDNA to their children. Often, people who develop the features of LHON have no family history of the condition. Because a person may carry an mtDNA mutation without experiencing any signs or symptoms, it is hard to predict which members of a family who carry a mutation will eventually develop vision loss or other problems associated with LHON. It is important to note that all females with an mtDNA mutation, even those who do not have any signs or symptoms, will pass the genetic change to their children.",0.15261044176706826,0.27309236947791166,0.4,0.07142857142857142,0.8563038110733032,Is Leber hereditary optic neuropathy inherited ?
0000004_3-1,"AIDS-related lymphoma is a type of cancer that affects the lymphatic system in people with advanced HIV infection or AIDS. It occurs when the immune system is severely weakened, allowing certain viruses (like Epstein-Barr virus) to contribute to uncontrolled growth of lymphocytes (a type of white blood cell). There are two main types: 1. **Systemic lymphoma** – Affects lymph nodes and organs like the liver, bone marrow, or brain. 2. **Primary CNS lymphoma** – Confined to the brain and spinal cord. Symptoms may include swollen lymph nodes, fever, night sweats, weight loss, and neurological issues (if the brain is involved). Treatment typically involves antiretroviral therapy (ART) to strengthen the immune system, along with chemotherapy or radiation. Early diagnosis improves outcomes. If you suspect this condition, consult a healthcare provider promptly.","Key Points - AIDS-related lymphoma is a disease in which malignant (cancer) cells form in the lymph system of patients who have acquired immunodeficiency syndrome (AIDS). - There are many different types of lymphoma. - Signs of AIDS-related lymphoma include weight loss, fever, and night sweats. - Tests that examine the lymph system and other parts of the body are used to help detect (find) and diagnose AIDS-related lymphoma. - Certain factors affect prognosis (chance of recovery) and treatment options. AIDS-related lymphoma is a disease in which malignant (cancer) cells form in the lymph system of patients who have acquired immunodeficiency syndrome (AIDS). AIDS is caused by the human immunodeficiency virus (HIV), which attacks and weakens the body's immune system. The immune system is then unable to fight infection and disease. People with HIV disease have an increased risk of infection and lymphoma or other types of cancer. A person with HIV disease who develops certain types of infections or cancer is then diagnosed with AIDS. Sometimes, people are diagnosed with AIDS and AIDS-related lymphoma at the same time. For information about AIDS and its treatment, please see the AIDSinfo website. AIDS-related lymphoma is a type of cancer that affects the lymph system, which is part of the body's immune system. The immune system protects the body from foreign substances, infection, and diseases. The lymph system is made up of the following: - Lymph: Colorless, watery fluid that carries white blood cells called lymphocytes through the lymph system. Lymphocytes protect the body against infections and the growth of tumors. - Lymph vessels: A network of thin tubes that collect lymph from different parts of the body and return it to the bloodstream. - Lymph nodes: Small, bean-shaped structures that filter lymph and store white blood cells that help fight infection and disease. Lymph nodes are located along the network of lymph vessels found throughout the body. Clusters of lymph nodes are found in the neck, underarm, abdomen, pelvis, and groin. - Spleen: An organ that makes lymphocytes, filters the blood, stores blood cells, and destroys old blood cells. The spleen is on the left side of the abdomen near the stomach. - Thymus: An organ in which lymphocytes grow and multiply. The thymus is in the chest behind the breastbone. - Tonsils: Two small masses of lymph tissue at the back of the throat. The tonsils make lymphocytes. - Bone marrow: The soft, spongy tissue in the center of large bones. Bone marrow makes white blood cells, red blood cells, and platelets. Lymph tissue is also found in other parts of the body such as the brain, stomach, thyroid gland, and skin. Sometimes AIDS-related lymphoma occurs outside the lymph nodes in the bone marrow, liver, meninges (thin membranes that cover the brain) and gastrointestinal tract. Less often, it may occur in the anus, heart, bile duct, gingiva, and muscles. There are many different types of lymphoma. Lymphomas are divided into two general types: - Hodgkin lymphoma. - Non-Hodgkin lymphoma. Both Hodgkin lymphoma and non-Hodgkin lymphoma may occur in patients with AIDS, but non-Hodgkin lymphoma is more common. When a person with AIDS has non-Hodgkin lymphoma, it is called AIDS-related lymphoma. When AIDS-related lymphoma occurs in the central nervous system (CNS), it is called AIDS-related primary CNS lymphoma. Non-Hodgkin lymphomas are grouped by the way their cells look under a microscope. They may be indolent (slow-growing) or aggressive (fast-growing). AIDS-related lymphomas are aggressive. There are two main types of AIDS-related non-Hodgkin lymphoma: - Diffuse large B-cell lymphoma (including B-cell immunoblastic lymphoma). - Burkitt or Burkitt-like lymphoma. For more information about lymphoma or AIDS-related cancers, see the following PDQ summaries: - Adult Non-Hodgkin Lymphoma Treatment - Childhood Non-Hodgkin Lymphoma Treatment - Primary CNS Lymphoma Treatment - Kaposi Sarcoma Treatment",0.10303830911492734,0.1822985468956407,0.5538461538461539,0.18604651162790697,0.8385236859321594,What is (are) AIDS-Related Lymphoma ?
0000108-1,"Bardet-Biedl syndrome (BBS) is a rare genetic disorder affecting multiple body systems. It's characterized by: 1. **Obesity** (typically starting in childhood) 2. **Retinal dystrophy** (progressive vision loss) 3. **Polydactyly** (extra fingers or toes) 4. **Hypogonadism** (underdeveloped genitals in males) 5. **Kidney abnormalities** (which can lead to renal failure) 6. **Learning difficulties** (in some cases) Other features may include diabetes, heart disease, and speech/language delays. BBS is caused by mutations in at least 20 different genes, typically inherited in an autosomal recessive pattern. Diagnosis is based on clinical features and genetic testing. Management involves a multidisciplinary team to address symptoms, such as vision aids, dietary interventions, and kidney monitoring. There's no cure, but early intervention can improve quality of life.","Bardet-Biedl syndrome is a disorder that affects many parts of the body. The signs and symptoms of this condition vary among affected individuals, even among members of the same family. Vision loss is one of the major features of Bardet-Biedl syndrome. Loss of vision occurs as the light-sensing tissue at the back of the eye (the retina) gradually deteriorates. Problems with night vision become apparent by mid-childhood, followed by blind spots that develop in the side (peripheral) vision. Over time, these blind spots enlarge and merge to produce tunnel vision. Most people with Bardet-Biedl syndrome also develop blurred central vision (poor visual acuity) and become legally blind by adolescence or early adulthood. Obesity is another characteristic feature of Bardet-Biedl syndrome. Abnormal weight gain typically begins in early childhood and continues to be an issue throughout life. Complications of obesity can include type 2 diabetes, high blood pressure (hypertension), and abnormally high cholesterol levels (hypercholesterolemia). Other major signs and symptoms of Bardet-Biedl syndrome include the presence of extra fingers or toes (polydactyly), intellectual disability or learning problems, and abnormalities of the genitalia. Most affected males produce reduced amounts of sex hormones (hypogonadism), and they are usually unable to father biological children (infertile). Many people with Bardet-Biedl syndrome also have kidney abnormalities, which can be serious or life-threatening. Additional features of Bardet-Biedl syndrome can include impaired speech, delayed development of motor skills such as standing and walking, behavioral problems such as emotional immaturity and inappropriate outbursts, and clumsiness or poor coordination. Distinctive facial features, dental abnormalities, unusually short or fused fingers or toes, and a partial or complete loss of the sense of smell (anosmia) have also been reported in some people with Bardet-Biedl syndrome. Additionally, this condition can affect the heart, liver, and digestive system.",0.09200968523002422,0.18401937046004843,0.3277310924369748,0.03389830508474576,0.8407902717590332,What is (are) Bardet-Biedl syndrome ?
0000074-1,"Charcot-Marie-Tooth (CMT) disease is a group of inherited disorders that affect the peripheral nerves, which control muscles and relay sensory information from the limbs to the brain. It's one of the most common inherited neurological disorders, affecting about 1 in 2,500 people. CMT causes muscle weakness and atrophy, primarily in the feet, lower legs, hands, and forearms. It can also lead to reduced sensation, foot deformities (like high arches or flat feet), and difficulty with balance and coordination. Symptoms typically appear in adolescence or early adulthood, but can occur at any age. CMT is caused by mutations in genes that affect the structure and function of peripheral nerves or their myelin sheath. There are many types of CMT, each linked to different gene mutations. While there's no cure, treatments like physical therapy, occupational therapy, braces, and pain management can help manage symptoms.","Charcot-Marie-Tooth disease (CMT) is one of the most common inherited neurological disorders, affecting approximately 1 in 2,500 people in theUnited States. CMT, also known as hereditary motor and sensory neuropathy (HMSN) or peroneal muscular atrophy, comprises a group of disorders caused by mutations in genes that affect the normal function of the peripheral nerves. The peripheral nerves lie outside the brain and spinal cord and supply the muscles and sensory organs in the limbs. A typical feature includes weakness of the foot and lower leg muscles, which may result in foot drop and a high-stepped gait with frequent tripping or falling. Foot deformities, such as high arches and hammertoes (a condition in which the middle joint of a toe bends upwards), are also characteristic due to weakness of the small muscles in the feet. In addition, the lower legs may take on an ""inverted champagne bottle"" appearance due to the loss of muscle bulk. Later in the disease, weakness and muscle atrophy may occur in the hands, resulting in difficulty with fine motor skills. Some individuals experience pain, which can range from mild to severe.",0.22629969418960244,0.43425076452599387,0.5492957746478874,0.2127659574468085,0.8855480551719666,What is (are) Charcot-Marie-Tooth Disease ?
0000007_1-5,"The outlook for **adult primary liver cancer** (most commonly hepatocellular carcinoma, or HCC) depends on several factors, including: - **Stage at diagnosis** – Early-stage cancer (localized) has better survival rates with treatment (e.g., surgery, transplant, ablation). - **Liver function** – Underlying cirrhosis or poor liver health worsens prognosis. - **Treatment response** – Curative options (surgery, transplant) offer 5-year survival rates of **50–70%**, while advanced cases (metastatic) have lower survival (months to ~2 years). - **Overall health** – Performance status and comorbidities affect outcomes. **General 5-year survival rates (U.S. data):** - Localized: ~35% - Regional spread: ~12% - Distant metastasis: ~3% Early detection (via screening in high-risk patients, e.g., cirrhosis, hepatitis B/C) improves outcomes. New therapies (immunotherapy, targeted drugs) may extend survival in advanced cases. Prognosis varies—consult an oncologist for personalized assessment.","Certain factors affect prognosis (chance of recovery) and treatment options. The prognosis (chance of recovery) and treatment options depend on the following: - The stage of the cancer (the size of the tumor, whether it affects part or all of the liver, or has spread to other places in the body). - How well the liver is working. - The patients general health, including whether there is cirrhosis of the liver.",0.08910891089108912,0.1881188118811881,0.19083969465648856,0.0,0.8369978666305542,What is the outlook for Adult Primary Liver Cancer ?
0000001_2-2,"Adult Acute Myeloid Leukemia (AML) risk increases with: 1. **Age**: Most common in adults over 65. 2. **Gender**: Slightly more common in males. 3. **Previous cancer treatment**: Chemotherapy or radiation therapy. 4. **Exposure to chemicals**: Benzene or certain industrial chemicals. 5. **Smoking**: Increases risk. 6. **Genetic disorders**: Down syndrome, Fanconi anemia, or other inherited conditions. 7. **Blood disorders**: Myelodysplastic syndrome (MDS) or myeloproliferative disorders. 8. **Family history**: Rarely, familial AML can occur. Most cases occur in people without identifiable risk factors. Early symptoms may include fatigue, fever, easy bruising, or infections. If concerned, consult a healthcare provider for evaluation.","Smoking, previous chemotherapy treatment, and exposure to radiation may affect the risk of adult AML. Anything that increases your risk of getting a disease is called a risk factor. Having a risk factor does not mean that you will get cancer; not having risk factors doesnt mean that you will not get cancer. Talk with your doctor if you think you may be at risk. Possible risk factors for AML include the following: - Being male. - Smoking, especially after age 60. - Having had treatment with chemotherapy or radiation therapy in the past. - Having had treatment for childhood acute lymphoblastic leukemia (ALL) in the past. - Being exposed to radiation from an atomic bomb or to the chemical benzene. - Having a history of a blood disorder such as myelodysplastic syndrome.",0.06896551724137931,0.18103448275862072,0.26262626262626265,0.02040816326530612,0.8530024290084839,Who is at risk for Adult Acute Myeloid Leukemia? ?
0000105-1,"Baller-Gerold syndrome is a rare genetic disorder characterized by: 1. **Craniosynostosis**: Premature fusion of skull bones, leading to an abnormally shaped head. 2. **Radial ray defects**: Underdevelopment or absence of the radius bone (forearm), often causing hand and arm abnormalities. 3. **Growth delays**: Short stature and delayed development. Other features may include poikiloderma (skin changes), skeletal anomalies, and an increased risk of certain cancers. It is caused by mutations in the *RECQL4* gene and is inherited in an autosomal recessive manner. Diagnosis involves clinical evaluation, imaging (X-rays), and genetic testing. Management is supportive, addressing symptoms (e.g., surgery for craniosynostosis, physical therapy). Regular monitoring for complications (e.g., cancer) is recommended. For personalized advice, consult a geneticist or healthcare provider.","Baller-Gerold syndrome is a rare condition characterized by the premature fusion of certain skull bones (craniosynostosis) and abnormalities of bones in the arms and hands. People with Baller-Gerold syndrome have prematurely fused skull bones, most often along the coronal suture, the growth line that goes over the head from ear to ear. Other sutures of the skull may be fused as well. These changes result in an abnormally shaped head, a prominent forehead, and bulging eyes with shallow eye sockets (ocular proptosis). Other distinctive facial features can include widely spaced eyes (hypertelorism), a small mouth, and a saddle-shaped or underdeveloped nose. Bone abnormalities in the hands include missing fingers (oligodactyly) and malformed or absent thumbs. Partial or complete absence of bones in the forearm is also common. Together, these hand and arm abnormalities are called radial ray malformations. People with Baller-Gerold syndrome may have a variety of additional signs and symptoms including slow growth beginning in infancy, small stature, and malformed or missing kneecaps (patellae). A skin rash often appears on the arms and legs a few months after birth. This rash spreads over time, causing patchy changes in skin coloring, areas of thinning skin (atrophy), and small clusters of blood vessels just under the skin (telangiectases). These chronic skin problems are collectively known as poikiloderma. The varied signs and symptoms of Baller-Gerold syndrome overlap with features of other disorders, namely Rothmund-Thomson syndrome and RAPADILINO syndrome. These syndromes are also characterized by radial ray defects, skeletal abnormalities, and slow growth. All of these conditions can be caused by mutations in the same gene. Based on these similarities, researchers are investigating whether Baller-Gerold syndrome, Rothmund-Thomson syndrome, and RAPADILINO syndrome are separate disorders or part of a single syndrome with overlapping signs and symptoms.",0.16585365853658537,0.2292682926829268,0.4406779661016949,0.1623931623931624,0.8450626134872437,What is (are) Baller-Gerold syndrome ?
0000203-2,"Kidney stones (nephrolithiasis) are hard deposits made of minerals and salts that form inside your kidneys. They can affect any part of your urinary tract — from your kidneys to your bladder. Common types include: - **Calcium stones** (most common, often calcium oxalate) - **Struvite stones** (linked to urinary tract infections) - **Uric acid stones** (common in people with gout or undergoing chemotherapy) - **Cystine stones** (due to a hereditary disorder causing excess cystine in urine) **Symptoms** may include severe pain (renal colic), nausea, vomiting, blood in urine, or frequent urination. Small stones may pass on their own, while larger ones may require medical intervention (e.g., lithotripsy, surgery). **Risk factors** include dehydration, diet (high salt/sugar/protein), obesity, family history, and certain medical conditions. Prevention involves drinking plenty of water, dietary adjustments, and medications in some cases. Always consult a healthcare provider for diagnosis and treatment.","The urinary tract is the bodys drainage system for removing wastes and extra water. The urinary tract includes two kidneys, two ureters, a bladder, and a urethra. The kidneys are two bean-shaped organs, each about the size of a fist. They are located near the middle of the back, just below the rib cage, one on each side of the spine. Every day, the two kidneys process about 200 quarts of blood to produce about 1 to 2 quarts of urine, composed of wastes and extra water. The urine flows from the kidneys to the bladder through tubes called ureters. The bladder stores urine until releasing it through urination. When the bladder empties, urine flows out of the body through a tube called the urethra at the bottom of the bladder.",0.08,0.1818181818181818,0.18055555555555555,0.02097902097902098,0.8119540810585022,What is (are) Kidney Stones in Adults ?
0000792-5,"Phenylketonuria (PKU) is a genetic disorder that requires lifelong management to prevent intellectual disabilities and other health issues. The primary treatment is a **strict, low-phenylalanine (Phe) diet**, which limits foods high in protein (e.g., meat, dairy, eggs, nuts) and avoids artificial sweeteners like aspartame. Special medical formulas provide essential nutrients without Phe. Additional treatments may include: - **Sapropterin dihydrochloride (Kuvan)**: A medication that helps some patients metabolize Phe better, allowing a less restrictive diet. - **Pegvaliase (Palynziq)**: An enzyme therapy for adults that breaks down Phe, reducing dietary restrictions. - **Gene therapy**: Experimental but promising for future treatment. Regular monitoring of blood Phe levels and consultation with a metabolic specialist are essential. Early and consistent treatment is critical for optimal outcomes.",These resources address the diagnosis or management of phenylketonuria: - Baby's First Test - Gene Review: Gene Review: Phenylalanine Hydroxylase Deficiency - Genetic Testing Registry: Phenylketonuria - MedlinePlus Encyclopedia: Phenylketonuria - MedlinePlus Encyclopedia: Serum Phenylalanine Screening These resources from MedlinePlus offer information about the diagnosis and management of various health conditions: - Diagnostic Tests - Drug Therapy - Surgery and Rehabilitation - Genetic Counseling - Palliative Care,0.08510638297872339,0.12765957446808512,0.11570247933884298,0.0,0.8133037090301514,What are the treatments for phenylketonuria ?
0000044-8,"To help prevent coronary heart disease (CHD), follow these evidence-based steps: 1. **Healthy Diet**: Eat a balanced diet rich in fruits, vegetables, whole grains, lean proteins (like fish and poultry), and healthy fats (e.g., olive oil, nuts). Limit saturated fats, trans fats, salt, and added sugars. 2. **Regular Exercise**: Aim for at least 150 minutes of moderate-intensity (e.g., brisk walking) or 75 minutes of vigorous-intensity (e.g., running) aerobic activity per week, plus muscle-strengthening exercises twice weekly. 3. **Maintain a Healthy Weight**: Achieve and maintain a body mass index (BMI) within the normal range (18.5–24.9). 4. **Avoid Smoking**: Quit smoking and avoid secondhand smoke. 5. **Limit Alcohol**: If consumed, do so in moderation (up to 1 drink/day for women, 2 for men). 6. **Manage Conditions**: Control high blood pressure, high cholesterol, and diabetes with lifestyle changes and medications if prescribed. 7. **Stress Management**: Practice relaxation techniques like meditation or deep breathing. 8. **Regular Check-ups**: Monitor your health with routine","You can prevent and control coronary heart disease (CHD)by taking action to control your risk factors with heart-healthy lifestyle changes and medicines. Examples of risk factors you can control include high blood cholesterol, high blood pressure, and overweight and obesity. Only a few risk factorssuch as age, gender, and family historycant be controlled. Your risk for CHD increases with the number of risk factors you have. To reduce your risk of CHD and heart attack, try to control each risk factor you have by adopting the following heart-healthy lifestyles: Heart-healthy eating Maintaining a healthy weight Managing stress Physical activity Quitting smoking Know your family history of health problems related to CHD. If you or someone in your family has CHD, be sure to tell your doctor. If lifestyle changes aren't enough, you also may need medicines to control your CHD risk factors.",0.12666666666666665,0.24666666666666665,0.27848101265822783,0.044585987261146494,0.8324448466300964,How to prevent Coronary Heart Disease ?
0000966-1,"Yes. Water pollution occurs when harmful substances—like chemicals, microorganisms, or plastics—contaminate water bodies (lakes, rivers, oceans, groundwater). Common sources include industrial waste, agricultural runoff (pesticides/fertilizers), sewage, and plastic debris. **Health risks** may include: - **Infectious diseases** (e.g., cholera, dysentery) from bacteria/viruses. - **Toxicity** from heavy metals (lead, mercury) or chemicals (e.g., PFAS), linked to organ damage or cancer. - **Gastrointestinal issues** from contaminated drinking water. **Prevention** involves proper waste disposal, water treatment, and reducing plastic use. If you suspect contaminated water, use certified filters or boil water (if microbial risk). For local concerns, contact your health department or EPA (U.S.). For specific contaminants, testing is recommended. Always prioritize safe water sources.","Summary : We all need clean water. People need it to grow crops and to operate factories, and for drinking and recreation. Fish and wildlife depend on it to survive. Many different pollutants can harm our rivers, streams, lakes, and oceans. The three most common are soil, nutrients, and bacteria. Rain washes soil into streams and rivers. The soil can kill tiny animals and fish eggs. It can clog the gills of fish and block light, causing plants to die. Nutrients, often from fertilizers, cause problems in lakes, ponds, and reservoirs. Nitrogen and phosphorus make algae grow and can turn water green. Bacteria, often from sewage spills, can pollute fresh or salt water. You can help protect your water supply: - Don't pour household products such as cleansers, beauty products, medicines, auto fluids, paint, and lawn care products down the drain. Take them to a hazardous waste collection site. - Throw away excess household grease (meat fats, lard, cooking oil, shortening, butter, margarine, etc.) diapers, condoms, and personal hygiene products in the garbage can. - Clean up after your pets. Pet waste contains nutrients and germs. Environmental Protection Agency",0.06666666666666667,0.12666666666666668,0.25225225225225223,0.0,0.8302625417709351,Do you have information about Water Pollution
0000028_1-7,"Current research and clinical trials for skin cancer focus on several key areas: 1. **Immunotherapy**: Studies are exploring new immune checkpoint inhibitors (e.g., anti-PD-1, anti-CTLA-4) and combinations with other treatments to improve response rates, particularly for advanced melanoma. 2. **Targeted Therapy**: Trials are investigating drugs targeting specific genetic mutations (e.g., BRAF, MEK, NRAS) in melanoma and other skin cancers, including resistance mechanisms. 3. **Oncolytic Viruses**: Research is ongoing for viruses like T-VEC (Imlygic) to enhance immune responses against tumors. 4. **Neoadjuvant Therapy**: Pre-surgical treatments (e.g., immunotherapy or targeted therapy) are being tested to shrink tumors before surgery. 5. **Early Detection**: AI and imaging technologies (e.g., reflectance confocal microscopy) are being studied to improve early diagnosis. 6. **Vaccines**: Personalized cancer vaccines are in trials to train the immune system to attack tumor-specific antigens. For the latest trials, check [ClinicalTrials.gov](https://clinicaltrials.gov/) or consult a dermatologist/oncologist. Always discuss options with your healthcare provider.","New types of treatment are being tested in clinical trials. Information about clinical trials is available from the NCI website. Treatment for skin cancer may cause side effects. For information about side effects caused by treatment for cancer, see our Side Effects page. Patients may want to think about taking part in a clinical trial. For some patients, taking part in a clinical trial may be the best treatment choice. Clinical trials are part of the cancer research process. Clinical trials are done to find out if new cancer treatments are safe and effective or better than the standard treatment. Many of today's standard treatments for cancer are based on earlier clinical trials. Patients who take part in a clinical trial may receive the standard treatment or be among the first to receive a new treatment. Patients who take part in clinical trials also help improve the way cancer will be treated in the future. Even when clinical trials do not lead to effective new treatments, they often answer important questions and help move research forward. Patients can enter clinical trials before, during, or after starting their cancer treatment. Some clinical trials only include patients who have not yet received treatment. Other trials test treatments for patients whose cancer has not gotten better. There are also clinical trials that test new ways to stop cancer from recurring (coming back) or reduce the side effects of cancer treatment. Clinical trials are taking place in many parts of the country. See the Treatment Options section that follows for links to current treatment clinical trials. These have been retrieved from NCI's listing of clinical trials.",0.11401425178147268,0.20902612826603328,0.33557046979865773,0.0472972972972973,0.8213011622428894,what research (or clinical trials) is being done for Skin Cancer ?
0000864-5,"Renal coloboma syndrome (also called Papillorenal syndrome) is a rare genetic disorder primarily managed by addressing its symptoms, as there's no cure. **Key treatments include:** 1. **Kidney care:** Regular monitoring of kidney function. If chronic kidney disease develops, treatment may involve blood pressure control (e.g., ACE inhibitors or ARBs), dietary changes, and dialysis or kidney transplant in severe cases. 2. **Eye care:** Regular eye exams to monitor colobomas and other potential issues (e.g., retinal detachment). Glasses or surgery may be needed for vision problems. 3. **Genetic counseling:** Recommended for affected individuals and families to understand inheritance risks. 4. **Multidisciplinary care:** Involves nephrologists, ophthalmologists, and other specialists as needed. Early detection and management can help improve quality of life. Treatment is tailored to individual symptoms.",These resources address the diagnosis or management of renal coloboma syndrome: - Gene Review: Gene Review: Renal Coloboma Syndrome - Genetic Testing Registry: Renal coloboma syndrome These resources from MedlinePlus offer information about the diagnosis and management of various health conditions: - Diagnostic Tests - Drug Therapy - Surgery and Rehabilitation - Genetic Counseling - Palliative Care,0.07734806629834254,0.12154696132596686,0.12903225806451613,0.024390243902439025,0.8239034414291382,What are the treatments for renal coloboma syndrome ?
0000672-3,"MPV17-related hepatocerebral mitochondrial DNA depletion syndrome (MDDS) is caused by **autosomal recessive mutations** in the *MPV17* gene (chromosome 2p23.3). This gene encodes a mitochondrial inner membrane protein involved in maintaining mitochondrial DNA (mtDNA) integrity and nucleotide balance. **Key genetic changes include:** - **Missense, nonsense, or frameshift mutations** leading to loss of MPV17 function. - **Splice-site mutations** disrupting normal protein production. - **Deletions or duplications** affecting the gene. These mutations impair mitochondrial function, causing **mtDNA depletion** (reduced mtDNA copy number) in the liver and brain, leading to progressive liver failure, neurological symptoms, and metabolic crises. For precise diagnosis, genetic testing (e.g., sequencing) is required. Management focuses on supportive care, as no curative treatment exists. *Source: OMIM, GeneReviews.*","As the condition name suggests, mutations in the MPV17 gene cause MPV17-related hepatocerebral mitochondrial DNA depletion syndrome. The protein produced from the MPV17 gene is located in the inner membrane of cell structures called mitochondria. Mitochondria are involved in a wide variety of cellular activities, including energy production, chemical signaling, and regulation of cell growth, division, and death. Mitochondria contain their own DNA, known as mitochondrial DNA (mtDNA), which is essential for the normal function of these structures. It is likely that the MPV17 protein is involved in the maintenance of mtDNA. Having an adequate amount of mtDNA is essential for normal energy production within cells. MPV17 gene mutations that cause MPV17-related hepatocerebral mitochondrial DNA depletion syndrome lead to production of a protein with impaired function. One mutation causes all cases of Navajo neurohepatopathy and results in the production of an unstable MPV17 protein that is quickly broken down. A dysfunctional or absent MPV17 protein leads to problems with the maintenance of mtDNA, which can cause a reduction in the amount of mtDNA (known as mitochondrial DNA depletion). Mitochondrial DNA depletion impairs mitochondrial function in many of the body's cells and tissues, particularly the brain, liver, and other tissues that have high energy requirements. Reduced mitochondrial function in the liver and brain lead to the liver failure and neurological dysfunction associated with MPV17-related hepatocerebral mitochondrial DNA depletion syndrome. Researchers suggest that the less mtDNA that is available in cells, the more severe the features of Navajo neurohepatopathy.",0.1652892561983471,0.24793388429752067,0.39655172413793105,0.10434782608695652,0.8464940190315247,What are the genetic changes related to MPV17-related hepatocerebral mitochondrial DNA depletion syndrome ?
0004879-1,"Pili torti with developmental delay and neurological abnormalities is often associated with **Björnstad syndrome** or **Menkes disease**, though other rare genetic conditions may present similarly. **Key symptoms include:** 1. **Hair abnormalities:** Twisted, brittle hair (pili torti) that may be sparse or break easily. 2. **Developmental delay:** Slowed motor or cognitive milestones (e.g., sitting, walking, speech). 3. **Neurological issues:** - Seizures (common in Menkes disease). - Hypotonia (low muscle tone). - Intellectual disability (varies in severity). - Ataxia (poor coordination) or movement disorders. 4. **Other possible features:** - Growth delays. - Skin or connective tissue abnormalities (e.g., loose skin in Menkes). - Hearing loss (in Björnstad syndrome). If you suspect this condition, consult a **geneticist or neurologist** for evaluation (e.g., genetic testing, MRI). Early intervention can help manage symptoms.","What are the signs and symptoms of Pili torti developmental delay neurological abnormalities? The Human Phenotype Ontology provides the following list of signs and symptoms for Pili torti developmental delay neurological abnormalities. If the information is available, the table below includes how often the symptom is seen in people with this condition. You can use the MedlinePlus Medical Dictionary to look up the definitions for these medical terms. Signs and Symptoms Approximate number of patients (when available) Abnormality of hair texture 90% Abnormality of the eyelashes 90% Aplasia/Hypoplasia of the eyebrow 90% Cognitive impairment 90% Incoordination 90% Joint hypermobility 90% Pili torti 90% Gait disturbance 50% Muscular hypotonia 50% The Human Phenotype Ontology (HPO) has collected information on how often a sign or symptom occurs in a condition. Much of this information comes from Orphanet, a European rare disease database. The frequency of a sign or symptom is usually listed as a rough estimate of the percentage of patients who have that feature. The frequency may also be listed as a fraction. The first number of the fraction is how many people had the symptom, and the second number is the total number of people who were examined in one study. For example, a frequency of 25/25 means that in a study of 25 people all patients were found to have that symptom. Because these frequencies are based on a specific study, the fractions may be different if another group of patients are examined. Sometimes, no information on frequency is available. In these cases, the sign or symptom may be rare or common.",0.09718670076726342,0.15856777493606136,0.265625,0.023622047244094488,0.8099653720855713,What are the symptoms of Pili torti developmental delay neurological abnormalities ?
0004447-1,"Nonspherocytic hemolytic anemia due to hexokinase deficiency is a rare, inherited disorder where a lack of the enzyme **hexokinase** impairs red blood cell (RBC) energy production. Hexokinase is crucial for glycolysis, the process that generates ATP (energy) in RBCs. Without sufficient ATP, RBCs become fragile, leading to **chronic hemolysis** (premature destruction of RBCs). Symptoms include: - Fatigue - Jaundice (yellow skin/eyes) - Enlarged spleen - Dark urine (from hemoglobin breakdown) Diagnosis involves: - Blood tests (low hemoglobin, high reticulocytes, elevated bilirubin) - Enzyme assays (reduced hexokinase activity) - Genetic testing (mutations in the *HK1* gene) Management focuses on symptom relief: - Folic acid supplements (to support RBC production) - Blood transfusions (if severe anemia occurs) - Splenectomy (in rare, severe cases) It’s an **autosomal recessive** condition, meaning both parents must carry a defective gene. Consult a hematologist for personalized care.","Nonspherocytic hemolytic anemia due to hexokinase deficiency (NSHA due to HK1 deficiency) is a very rare condition mainly characterized by severe, chronic hemolysis, beginning in infancy. Approximately 20 cases of this condition have been described to date. Signs and symptoms of hexokinase deficiency are very similar to those of pyruvate kinase deficiency but anemia is generally more severe. Some affected individuals reportedly have had various abnormalities in addition to NSHA including multiple malformations, panmyelopathy, and latent diabetes. It can be caused by mutations in the HK1 gene and is inherited in an autosomal recessive manner. Treatment may include red cell transfusions for those with severe anemia.",0.14634146341463414,0.2113821138211382,0.24285714285714285,0.05755395683453238,0.8506522178649902,What is (are) Nonspherocytic hemolytic anemia due to hexokinase deficiency ?
0000159-4,"Yes, **catecholaminergic polymorphic ventricular tachycardia (CPVT)** is typically inherited. Most cases are caused by **autosomal dominant** mutations in the *RYR2* gene (encoding the ryanodine receptor), which regulates calcium release in heart cells. A smaller number of cases are linked to **autosomal recessive** mutations in the *CASQ2* gene (encoding calsequestrin). If a parent carries a *RYR2* mutation, each child has a **50% chance** of inheriting it. Genetic testing and family screening are recommended for at-risk relatives. Would you like guidance on next steps?","When CPVT results from mutations in the RYR2 gene, it has an autosomal dominant pattern of inheritance. Autosomal dominant inheritance means that one copy of the altered gene in each cell is sufficient to cause the disorder. In about half of cases, an affected person inherits an RYR2 gene mutation from one affected parent. The remaining cases result from new mutations in the RYR2 gene and occur in people with no history of the disorder in their family. When CPVT is caused by mutations in the CASQ2 gene, the condition has an autosomal recessive pattern of inheritance. Autosomal recessive inheritance means that both copies of the gene in each cell have mutations. The parents of an individual with an autosomal recessive condition each carry one copy of the mutated gene, but they typically do not show signs and symptoms of the condition.",0.13392857142857142,0.1875,0.2682926829268293,0.06172839506172839,0.844437301158905,Is catecholaminergic polymorphic ventricular tachycardia inherited ?
0000956-4,"Yes, **Stormorken syndrome** is inherited in an **autosomal dominant** pattern. This means: - A child has a **50% chance** of inheriting the condition if one parent carries the mutated gene (typically *STIM1* or *ORAI1*). - The mutation can also occur **spontaneously** (de novo) in some cases, with no family history. Genetic testing can confirm the diagnosis and help assess inheritance risk. If you suspect this condition, consult a **geneticist** or **clinical genetic service** for counseling. Would you like guidance on next steps?","This condition is inherited in an autosomal dominant pattern, which means one copy of the altered gene in each cell is sufficient to cause the disorder. In some cases, an affected person inherits the mutation from one affected parent. Other cases result from new mutations in the gene and occur in people with no history of the disorder in their family.",0.1958041958041958,0.29370629370629375,0.2682926829268293,0.08641975308641975,0.8644365072250366,Is Stormorken syndrome inherited ?
0006192-3,"Trichotillomania (hair-pulling disorder) is typically treated with a combination of therapies: 1. **Cognitive Behavioral Therapy (CBT)**: Specifically, **Habit Reversal Training (HRT)** is the most effective. It helps identify triggers and replace hair-pulling with healthier behaviors. 2. **Medications**: No FDA-approved drugs exist, but some may help: - **SSRIs** (e.g., fluoxetine) for co-occurring anxiety/depression. - **N-acetylcysteine (NAC)**, an over-the-counter supplement, has shown promise in some studies. - **Atypical antipsychotics** (e.g., olanzapine) may be considered in severe cases. 3. **Support Groups**: Peer support can reduce feelings of isolation. 4. **Stress Management**: Techniques like mindfulness or yoga may help. Consult a mental health professional for personalized treatment. Early intervention improves outcomes.","How might trichotillomania be treated? Behavioral treatment seems to be the most powerful treatment for trichotillomania. Parental involvement is important and should include enough support so that affected children grow well intellectually, physically, and socially. Shaving or clipping hair close to the scalp may be helpful to stop the behavior. Professional cognitive behavior therapy (CBT) is recommended if initial approaches are unsuccessful. CBT typically involves self monitoring (keeping records of the behavior); habit-reversal training; and stimulus control (organizing the environment). CBT is typically effective in highly motivated and compliant patients. The success of therapy may depend on firm understanding of the illness and the cooperation of the family members to help the affected individual comply with treatment. Several courses of CBT may be needed. No medication has been approved for the treatment of trichotillomania, and medications used have not been consistently effective. Selective serotonin reuptake inhibitors have been utilized but responses to treatment have not been consistent. Fortunately, several recent studies regarding drug therapy for trichotillomania show promise. While drug therapy alone is currently generally not effective, combination therapy and other treatments may be helpful. More detailed information about current treatment options for trichotillomania is available on Medscape Reference's Web site and can be viewed by clicking here. You may need to register on the Web site, but registration is free.",0.09146341463414633,0.17682926829268292,0.2897196261682243,0.02830188679245283,0.8363215327262878,What are the treatments for Trichotillomania ?
0001527-1,"Congenital laryngeal palsy is a rare condition present at birth where one or both vocal cords are paralyzed due to nerve dysfunction (usually the recurrent laryngeal nerve). This can cause: - **Stridor** (noisy breathing) - **Weak or hoarse cry** - **Feeding difficulties** (choking, aspiration) - **Breathing problems** (in severe cases) It may occur alone or with other congenital issues (e.g., heart defects, neurological disorders). Causes include birth trauma, nerve compression, or developmental abnormalities. Diagnosis involves laryngoscopy. **Treatment** depends on severity: - Mild cases may improve with time. - Severe cases may need surgery (e.g., tracheostomy, vocal cord repositioning). If symptoms persist, consult a pediatric ENT specialist. I don’t know the exact cause in all cases.","Congenital laryngeal palsy is also known as congenital vocal cord paralysis. It represents 15%-20% of all cases of congenital anomalies of the larynx. It may be bilateral or unilateral. The cause of bilateral paralysis of the vocal cords is often unknown (idiopathic). In some cases, paralysis may be secondary to the immaturity of the nerve or muscle (neuromuscular) or due to central nervous system damage (including the Arnold-Chiari malformation, cerebral palsy, hydrocephalus, myelomeningocele, spina bifida, hypoxia (lack of oxygen in the blood), or bleeding). Birth trauma that causes excessive tension in the neck can cause transient bilateral vocal cord paralysis that can last 6-9 months. Unilateral paralysis is usually idiopathic but can be secondary to problems with the vagus nerve or recurrent laryngeal nerve. Bilateral vocal fold paralysis signals and symptoms may include making a noise when breathing (inspiratory stridor) that worsens upon exercise, progressive obstruction of the respiratory airway, aspiration, recurrent chest infections, cyanosis, nose flaring and signs of cranial nerve deficits during the head and neck exam. Flexible endoscopy usually elucidates the diagnosis by demonstrating vocal fold paralysis and no other abnormality. Treatment may include medication, operations and speech therapy.",0.1172638436482085,0.24755700325732896,0.3652173913043478,0.07017543859649122,0.8399332165718079,What is (are) Congenital laryngeal palsy ?
0000546-5,"Juvenile hyaline fibromatosis (JHF) is a rare genetic disorder with no cure, but treatments focus on managing symptoms and improving quality of life. **Key treatments include:** 1. **Surgical excision** – For painful or disfiguring skin nodules or tumors, though recurrence is common. 2. **Physical therapy** – To maintain joint mobility and function, as contractures are common. 3. **Pain management** – NSAIDs or other analgesics for discomfort. 4. **Dental care** – Regular monitoring and treatment for gingival hypertrophy. 5. **Nutritional support** – If feeding difficulties arise due to oral or joint issues. Emerging therapies (e.g., enzyme replacement) are experimental. Genetic counseling may be recommended for families. Early intervention and multidisciplinary care (dermatology, orthopedics, dentistry) are essential. *Source: NIH, Orphanet.*","These resources address the diagnosis or management of juvenile hyaline fibromatosis: - Gene Review: Gene Review: Hyalinosis, Inherited Systemic - Genetic Testing Registry: Hyaline fibromatosis syndrome These resources from MedlinePlus offer information about the diagnosis and management of various health conditions: - Diagnostic Tests - Drug Therapy - Surgery and Rehabilitation - Genetic Counseling - Palliative Care",0.10285714285714286,0.12571428571428572,0.13559322033898305,0.02564102564102564,0.8175475001335144,What are the treatments for juvenile hyaline fibromatosis ?
0000219-2,"Occipital neuralgia is treated in steps: 1. **First-line**: Over-the-counter NSAIDs (e.g., ibuprofen) or acetaminophen for mild pain. 2. **Adjuncts**: Warm compresses, massage, and physical therapy to relax neck muscles. 3. **Medications**: Anticonvulsants (e.g., gabapentin, pregabalin) or tricyclic antidepressants (e.g., amitriptyline) for nerve pain. 4. **Injections**: Occipital nerve blocks with local anesthetic and steroids can provide temporary relief. 5. **Advanced options**: If conservative measures fail, pulsed radiofrequency ablation or occipital nerve stimulation may be considered. Rarely, surgical decompression is used. Always consult a healthcare provider to tailor treatment to your specific needs.","Treatment is generally symptomatic and includes massage and rest. In some cases, antidepressants may be used when the pain is particularly severe. Other treatments may include local nerve blocks and injections of steroids directly into the affected area.",0.10852713178294575,0.20155038759689922,0.16483516483516483,0.022222222222222223,0.8472827672958374,What are the treatments for Occipital Neuralgia ?
0000039-6,"Congenital heart defects (CHDs) vary in symptoms depending on the type and severity. Common signs include: - **Cyanosis**: Bluish skin, lips, or nails due to low oxygen levels. - **Rapid breathing or shortness of breath**, especially during feeding or activity. - **Poor weight gain or growth** in infants. - **Fatigue** or tiring easily during activity. - **Heart murmur** (unusual sound heard during a heartbeat). - **Swelling** in the legs, abdomen, or around the eyes. Some defects may cause no symptoms at birth but appear later, such as **dizziness, fainting, or chest pain** in older children or adults. Severe cases may lead to **heart failure** or **arrhythmias**. If you suspect a CHD, consult a healthcare provider for evaluation. Early diagnosis and treatment are critical. I don’t know specifics about individual cases without medical assessment.","Many congenital heart defects cause few or no signs and symptoms. A doctor may not even detect signs of a heart defect during a physical exam. Some heart defects do cause signs and symptoms. They depend on the number, type, and severity of the defects. Severe defects can cause signs and symptoms, usually in newborns. These signs and symptoms may include: Rapid breathing Cyanosis (a bluish tint to the skin, lips, and fingernails) Fatigue (tiredness) Poor blood circulation Congenital heart defects don't cause chest pain or other painful symptoms. Heart defects can cause heart murmurs (extra or unusual sounds heard during a heartbeat). Doctors can hear heart murmurs using a stethoscope. However, not all murmurs are signs of congenital heart defects. Many healthy children have heart murmurs. Normal growth and development depend on a normal workload for the heart and normal flow of oxygen-rich blood to all parts of the body. Babies who have congenital heart defects may have cyanosis and tire easily while feeding. As a result, they may not gain weight or grow as they should. Older children who have congenital heart defects may get tired easily or short of breath during physical activity. Many types of congenital heart defects cause the heart to work harder than it should. With severe defects, this can lead to heart failure. Heart failure is a condition in which the heart can't pump enough blood to meet the body's needs. Symptoms of heart failure include: Shortness of breath or trouble breathing Fatigue with physical activity A buildup of blood and fluid in the lungs Swelling in the ankles, feet, legs, abdomen, and veins in the neck",0.15724815724815724,0.2899262899262899,0.47368421052631576,0.09848484848484848,0.8561773896217346,What are the symptoms of Congenital Heart Defects ?
0006304-1,"Usher syndrome type 1E is a rare genetic disorder characterized by: 1. **Congenital deafness** (profound hearing loss from birth). 2. **Balance problems** (vestibular dysfunction) due to inner ear abnormalities. 3. **Progressive vision loss** caused by retinitis pigmentosa (RP), which typically begins in childhood or adolescence. It is inherited in an **autosomal recessive** pattern, meaning both parents must carry a mutated gene (usually *USH1E*, linked to chromosome 10q). The exact gene and mechanisms are still under study. Symptoms vary, but early diagnosis is critical for managing hearing (e.g., cochlear implants) and vision (low-vision aids, vitamin A supplements under medical supervision). Genetic testing can confirm the diagnosis. For personalized advice, consult a geneticist or specialist in Usher syndrome.","Usher syndrome is a genetic condition characterized by hearing loss or deafness, and progressive vision loss due to retinitis pigmentosa. Three major types of Usher syndrome have been described - types I, II, and III. The different types are distinguished by their severity and the age when signs and symptoms appear. All three types are inherited in an autosomal recessive manner, which means both copies of the disease-causing gene in each cell have mutations.",0.18947368421052632,0.29473684210526313,0.3448275862068966,0.05217391304347826,0.8677185773849487,"What is (are) Usher syndrome, type 1E ?"
0000028_2-6,"Melanoma is typically staged using the **TNM system** (Tumor, Node, Metastasis) by the **American Joint Committee on Cancer (AJCC)**. Here’s a simplified breakdown: 1. **Stage 0 (Melanoma in situ)**: Abnormal cells are only in the outer layer of skin (epidermis). 2. **Stage I**: Thin tumor (≤1 mm thick), may or may not be ulcerated. No spread to lymph nodes or distant sites. - IA: ≤0.8 mm, no ulceration. - IB: 0.8–1 mm *or* ≤1 mm with ulceration. 3. **Stage II**: Thicker tumor (>1 mm), may be ulcerated. No spread to lymph nodes or distant sites. - IIA: 1–2 mm with ulceration *or* 2–4 mm without ulceration. - IIB: 2–4 mm with ulceration *or* >4 mm without ulceration. - IIC: >4 mm with ulceration. 4. **Stage III**: Spread to nearby lymph nodes, lymphatic channels, or skin. No distant metastasis. 5. **Stage IV**: Spread to","Key Points - After melanoma has been diagnosed, tests are done to find out if cancer cells have spread within the skin or to other parts of the body. - There are three ways that cancer spreads in the body. - Cancer may spread from where it began to other parts of the body. - The method used to stage melanoma is based mainly on the thickness of the tumor and whether cancer has spread to lymph nodes or other parts of the body. - The following stages are used for melanoma: - Stage 0 (Melanoma in Situ) - Stage I - Stage II - Stage III - Stage IV After melanoma has been diagnosed, tests are done to find out if cancer cells have spread within the skin or to other parts of the body. The process used to find out whether cancer has spread within the skin or to other parts of the body is called staging. The information gathered from the staging process determines the stage of the disease. It is important to know the stage in order to plan treatment. The following tests and procedures may be used in the staging process: - Physical exam and history : An exam of the body to check general signs of health, including checking for signs of disease, such as lumps or anything else that seems unusual. A history of the patients health habits and past illnesses and treatments will also be taken. - Lymph node mapping and sentinel lymph node biopsy : Procedures in which a radioactive substance and/or blue dye is injected near the tumor. The substance or dye flows through lymph ducts to the sentinel node or nodes (the first lymph node or nodes where cancer cells are likely to spread). The surgeon removes only the nodes with the radioactive substance or dye. A pathologist views a sample of tissue under a microscope to check for cancer cells. If no cancer cells are found, it may not be necessary to remove more nodes. - CT scan (CAT scan): A procedure that makes a series of detailed pictures of areas inside the body taken from different angles. The pictures are made by a computer linked to an x-ray machine. A dye may be injected into a vein or swallowed to help the organs or tissues show up more clearly. This procedure is also called computed tomography, computerized tomography, or computerized axial tomography. For melanoma, pictures may be taken of the chest, abdomen, and pelvis. - PET scan (positron emission tomography scan): A procedure to find malignant tumor cells in the body. A small amount of radioactive glucose (sugar) is injected into a vein. The PET scanner rotates around the body and makes a picture of where glucose is being used in the body. Malignant tumor cells show up brighter in the picture because they are more active and take up more glucose than normal cells do. - MRI (magnetic resonance imaging) with gadolinium : A procedure that uses a magnet, radio waves, and a computer to make a series of detailed pictures of areas inside the body, such as the brain. A substance called gadolinium is injected into a vein. The gadolinium collects around the cancer cells so they show up brighter in the picture. This procedure is also called nuclear magnetic resonance imaging (NMRI). - Blood chemistry studies : A procedure in which a blood sample is checked to measure the amounts of certain substances released into the blood by organs and tissues in the body. For melanoma, the blood is checked for an enzyme called lactate dehydrogenase (LDH). LDH levels that are higher than normal may be a sign of melanoma. The results of these tests are viewed together with the results of the tumor biopsy to find out the stage of the melanoma. There are three ways that cancer spreads in the body. Cancer can spread through tissue, the lymph system, and the blood: - Tissue. The cancer spreads from where it began by growing into nearby areas. - Lymph system. The cancer spreads from where it began by getting into the lymph system. The cancer travels through the lymph vessels to other parts of the body. - Blood. The cancer spreads from where it began by getting into the blood. The cancer travels through the blood vessels to other parts of the body. Cancer may spread from where it began to other parts of the body. When cancer spreads to another part of the body, it is called metastasis. Cancer cells break away from where they began (the primary tumor) and travel through the lymph system or blood. - Lymph system. The cancer gets into the lymph system, travels through the lymph vessels, and forms a tumor (metastatic tumor) in another part of the body. - Blood. The cancer gets into the blood, travels through the blood vessels, and forms a tumor (metastatic tumor) in another part of the body. The metastatic tumor is the same type of cancer as the primary tumor. For example, if melanoma spreads to the lung, the cancer cells in the lung are actually melanoma cells. The disease is metastatic melanoma, not lung cancer. The method used to stage melanoma is based mainly on the thickness of the tumor and whether cancer has spread to lymph nodes or other parts of the body. The staging of melanoma depends on the following: - The thickness of the tumor. The thickness is described using the Breslow scale. - Whether the tumor is ulcerated (has broken through the skin). - Whether the tumor has spread to the lymph nodes and if the lymph nodes are joined together (matted). - Whether the tumor has spread to other parts of the body. The following stages are used for melanoma: Stage 0 (Melanoma in Situ) In stage 0, abnormal melanocytes are found in the epidermis. These abnormal melanocytes may become cancer and spread into nearby normal tissue. Stage 0 is also called melanoma in situ. Stage I In stage I, cancer has formed. Stage I is divided into stages IA and IB. - Stage IA: In stage IA, the tumor is not more than 1 millimeter thick, with no ulceration. - Stage IB: In stage IB, the tumor is either: - not more than 1 millimeter thick and it has ulceration; or - more than 1 but not more than 2 millimeters thick, with no ulceration. Stage II Stage II is divided into stages IIA, IIB, and IIC. - Stage IIA: In stage IIA, the tumor is either: - more than 1 but not more than 2 millimeters thick, with ulceration; or - more than 2 but not more than 4 millimeters thick, with no ulceration. - Stage IIB: In stage IIB, the tumor is either: - more than 2 but not more than 4 millimeters thick, with ulceration; or - more than 4 millimeters thick, with no ulceration. - Stage IIC: In stage IIC, the tumor is more than 4 millimeters thick, with ulceration. Stage III In stage III, the tumor may be any thickness, with or without ulceration. One or more of the following is true: - Cancer has spread to one or more lymph nodes. - Lymph nodes are joined together (matted). - Cancer is in a lymph vessel between the primary tumor and nearby lymph nodes. The cancer is more than 2 centimeters away from the primary tumor. - Very small tumors are found on or under the skin, not more than 2 centimeters away from the primary tumor. Stage IV In stage IV, the cancer has spread to other places in the body, such as the lung, liver, brain, bone, soft tissue, or gastrointestinal (GI) tract. Cancer may have spread to places in the skin far away from where it first started.",0.07053941908713693,0.09820193637621023,0.5034965034965035,0.19718309859154928,0.8035800457000732,What are the stages of Melanoma ?
0000131-12,"Lactose intolerance means your body has trouble digesting lactose, a sugar in milk and dairy products. Symptoms include bloating, gas, diarrhea, and stomach cramps after eating dairy. **Key points:** - **Diagnosis:** A doctor may confirm it with a hydrogen breath test or lactose tolerance test. - **Management:** Reduce or avoid dairy. Try lactose-free products or take lactase enzyme supplements before eating dairy. - **Nutrients:** Ensure you get enough calcium and vitamin D from other sources like leafy greens, fortified plant-based milks, or supplements if needed. - **Severity varies:** Some people tolerate small amounts of dairy or certain types (e.g., hard cheeses, yogurt). If symptoms persist or worsen, consult a healthcare provider to rule out other conditions like a milk allergy or irritable bowel syndrome (IBS).","- Lactose is a sugar found in milk and milk products. - Lactose intolerance means you have symptoms such as bloating, diarrhea, and gas after you have milk or milk products. - Your doctor will try to find out if you have lactose intolerance with a medical, family, and diet history; a physical exam; and medical tests. - Most people with lactose intolerance can eat or drink some lactose without symptoms. - If you have lactose intolerance, you can make changes to what you eat and drink. Some people may only need to have less lactose. Others may need to avoid lactose altogether. - Talk with your doctor about how to get enough nutrientsincluding calcium and vitamin Din your diet or your childs diet. Ask if you should also take a supplement to get enough calcium and vitamin D. For safety reasons, talk with your doctor before using dietary supplements or any other nonmainstream medicine together with or in place of the treatment your doctor prescribes. - Lactose is in many food products and in some medicines.",0.2119205298013245,0.3443708609271523,0.464,0.0967741935483871,0.8690419793128967,What to do for What I need to know about Lactose Intolerance ?
0000122-2,"Beta-ureidopropionase deficiency is an extremely rare autosomal recessive metabolic disorder. As of current medical knowledge, only a handful of cases have been reported worldwide—likely fewer than **20 documented cases** in the literature. Due to its rarity, the exact prevalence is unknown, but it is considered a **very low-frequency condition**. Most cases have been identified through newborn screening or metabolic investigations in individuals with unexplained neurological symptoms. If you suspect this condition, consult a metabolic specialist or geneticist for evaluation. I recommend referring to **OMIM (Online Mendelian Inheritance in Man)** or **Orphanet** for the most up-to-date case reports.","The prevalence of beta-ureidopropionase deficiency is unknown. A small number of affected individuals from populations around the world have been described in the medical literature. In Japan, the prevalence of beta-ureidopropionase deficiency has been estimated as 1 in 6,000 people. Researchers suggest that in many affected individuals with absent or mild neurological problems, the condition may never be diagnosed.",0.23076923076923078,0.2948717948717949,0.30927835051546393,0.0625,0.8605515956878662,How many people are affected by beta-ureidopropionase deficiency ?
0000722-5,"Bilateral perisylvian polymicrogyria (BPP) is diagnosed through a combination of clinical evaluation and neuroimaging: 1. **Clinical Evaluation**: Symptoms often include developmental delay, intellectual disability, epilepsy (especially atypical absence or focal seizures), and speech/language difficulties (e.g., dysarthria or oromotor dysfunction). 2. **Neuroimaging (MRI)**: The gold standard for diagnosis. Key MRI findings include: - Abnormal, excessive folding (polymicrogyria) in the perisylvian regions of both hemispheres. - Thickened cortex with irregular gray-white matter junction. - Possible associated brain malformations (e.g., ventriculomegaly). 3. **Genetic Testing**: May identify underlying genetic causes (e.g., mutations in *PIK3R2*, *TUBB2B*, or *SRPX2*), though many cases are sporadic. 4. **EEG**: Often shows epileptiform activity, but this is non-specific. If symptoms and imaging align, a neurologist or neuroradiologist can confirm the diagnosis. Early referral to a specialist is recommended.","Is genetic testing available for bilateral perisylvian polymicrogyria? Genetic testing is not available for bilateral perisylvian polymicrogyria because the underlying genetic cause is unknown. How is bilateral perisylvian polymicrogyria diagnosed? A diagnosis of bilateral perisylvian polymicrogyria (BPP) is typically based on a thorough physical examination, a detailed medical history and a complete neurological evaluation, which many include the following tests: Electroencephalography (EEG) Computed tomography (CT) scanning Magnetic resonance imaging (MRI)",0.11111111111111112,0.21212121212121213,0.1953125,0.03937007874015748,0.842633843421936,How to diagnose Bilateral perisylvian polymicrogyria ?
0000014_4-1,"Endometrial cancer is a type of cancer that begins in the lining of the uterus (endometrium). It's the most common gynecologic cancer in developed countries. **Key points:** - **Risk factors:** Obesity, older age, estrogen exposure (e.g., hormone therapy without progesterone), diabetes, and certain genetic conditions (e.g., Lynch syndrome). - **Symptoms:** Abnormal vaginal bleeding (especially post-menopause), pelvic pain, or unusual discharge. - **Diagnosis:** Typically involves a biopsy (removing a small tissue sample for testing). - **Treatment:** Often includes surgery (hysterectomy), sometimes followed by radiation, chemotherapy, or hormone therapy, depending on the stage and type. Early detection improves outcomes, so consult a doctor if you experience symptoms. For personalized advice, see a healthcare provider.","Key Points - Endometrial cancer is a disease in which malignant (cancer) cells form in the tissues of the endometrium. - In the United States, endometrial cancer is the most common invasive cancer of the female reproductive system. - Health history and certain medicines can affect the risk of developing endometrial cancer. Endometrial cancer is a disease in which malignant (cancer) cells form in the tissues of the endometrium. The endometrium is the innermost lining of the uterus. The uterus is a hollow, muscular organ in a woman's pelvis. The uterus is where a fetus grows. In most nonpregnant women, the uterus is about 3 inches long. Cancer of the endometrium is different from cancer of the muscle of the uterus, which is called uterine sarcoma. See the PDQ summary on Uterine Sarcoma Treatment for more information. See the following PDQ summaries for more information about endometrial cancer: - Endometrial Cancer Treatment - Endometrial Cancer Prevention In the United States, endometrial cancer is the most common invasive cancer of the female reproductive system. Endometrial cancer is diagnosed most often in postmenopausal women at an average age of 60 years. From 2004 to 2013, the number of new cases of endometrial cancer increased slightly in white and black women. From 2005 to 2014, the number of deaths from endometrial cancer increased slightly in white and black women. When endometrial cancer is diagnosed in black women, it is usually more advanced and less likely to be cured.",0.12324929971988795,0.19047619047619047,0.30357142857142855,0.09009009009009009,0.8351666331291199,What is (are) Endometrial Cancer ?
0000027_5-1,"Breast cancer is a disease in which abnormal cells in the breast grow uncontrollably, forming a tumor. It can occur in both men and women, but it's far more common in women. There are different types, including: - **Ductal carcinoma**: Starts in the milk ducts (most common). - **Lobular carcinoma**: Starts in the milk-producing glands (lobules). Risk factors include age, family history, genetic mutations (e.g., *BRCA1*/*BRCA2*), hormonal factors, and lifestyle choices (e.g., alcohol, obesity). Symptoms may include a lump, breast shape changes, skin dimpling, or nipple discharge. Early detection through mammograms and self-exams improves outcomes. Treatment depends on the stage and may include surgery, radiation, chemotherapy, hormone therapy, or targeted therapy. For personalized advice, consult a healthcare provider.","Key Points - Breast cancer is a disease in which malignant (cancer) cells form in the tissues of the breast. - Breast cancer is the second leading cause of death from cancer in American women. - Different factors increase or decrease the risk of breast cancer. Breast cancer is a disease in which malignant (cancer) cells form in the tissues of the breast. The breast is made up of lobes and ducts. Each breast has 15 to 20 sections called lobes, which have many smaller sections called lobules. Lobules end in dozens of tiny bulbs that can produce milk. The lobes, lobules, and bulbs are linked by thin tubes called ducts. Each breast also contains blood vessels and lymph vessels. The lymph vessels carry an almost colorless fluid called lymph. Lymph vessels lead to organs called lymph nodes. Lymph nodes are small bean-shaped structures that are found throughout the body. They filter substances in lymph and help fight infection and disease. Clusters of lymph nodes are found near the breast in the axilla (under the arm), above the collarbone, and in the chest. See the following PDQ summaries for more information about breast cancer: - Breast Cancer Prevention - Breast Cancer Treatment - Genetics of Breast and Gynecologic Cancers Breast cancer is the second leading cause of death from cancer in American women. Women in the United States get breast cancer more than any other type of cancer except for skin cancer. Breast cancer is second only to lung cancer as a cause of cancer death in women. Breast cancer occurs more often in white women than in black women. However, black women are more likely than white women to die from the disease. Breast cancer occurs in men also, but the number of cases is small.",0.1253012048192771,0.19277108433734938,0.3559322033898305,0.09401709401709402,0.8259933590888977,What is (are) Breast Cancer ?
0000071-4,"Diabetes is caused by problems with insulin, a hormone that regulates blood sugar. There are two main types: 1. **Type 1 Diabetes**: The body's immune system mistakenly attacks and destroys insulin-producing cells in the pancreas. The exact cause is unknown, but genetics and environmental factors (like viruses) may play a role. 2. **Type 2 Diabetes**: The body becomes resistant to insulin or the pancreas can't produce enough. Risk factors include obesity, physical inactivity, family history, and age. Lifestyle changes can often prevent or delay it. Other types include gestational diabetes (during pregnancy) and diabetes caused by specific genetic conditions or medications. Always consult a healthcare provider for personalized information.","Insulin Resistance and Beta Cell Dysfunction Hormones produced by the placenta and other pregnancy-related factors contribute to insulin resistance, which occurs in all women during late pregnancy. Insulin resistance increases the amount of insulin needed to control blood glucose levels. If the pancreas cant produce enough insulin due to beta cell dysfunction, gestational diabetes occurs. As with type 2 diabetes, excess weight is linked to gestational diabetes. Overweight or obese women are at particularly high risk for gestational diabetes because they start pregnancy with a higher need for insulin due to insulin resistance. Excessive weight gain during pregnancy may also increase risk. Family History Having a family history of diabetes is also a risk factor for gestational diabetes, suggesting that genes play a role in its development. Genetics may also explain why the disorder occurs more frequently in African Americans, American Indians, and Hispanics/Latinos. Many gene variants or combinations of variants may increase a womans risk for developing gestational diabetes. Studies have found several gene variants associated with gestational diabetes, but these variants account for only a small fraction of women with gestational diabetes. Future Risk of Type 2 Diabetes Because a womans hormones usually return to normal levels soon after giving birth, gestational diabetes disappears in most women after delivery. However, women who have gestational diabetes are more likely to develop gestational diabetes with future pregnancies and develop type 2 diabetes.3 Women with gestational diabetes should be tested for persistent diabetes 6 to 12 weeks after delivery and at least every 3 years thereafter. Also, exposure to high glucose levels during gestation increases a childs risk for becoming overweight or obese and for developing type 2 diabetes later on. The result may be a cycle of diabetes affecting multiple generations in a family. For both mother and child, maintaining a healthy body weight and being physically active may help prevent type 2 diabetes.",0.09456264775413711,0.2033096926713948,0.41284403669724773,0.046296296296296294,0.8469980955123901,What causes Causes of Diabetes ?
0000022-3,"Von Hippel-Lindau (VHL) disease is a genetic disorder that increases the risk of tumors and cysts in various parts of the body. The outlook varies depending on the organs affected and the severity of the disease. With early detection and regular surveillance (e.g., imaging, blood tests), many complications can be managed or treated effectively. Common tumors include: - **Hemangioblastomas** (brain, spine, retina) – often treatable with surgery or radiation. - **Renal cell carcinoma** – monitored and treated early to preserve kidney function. - **Pheochromocytomas** – usually curable with surgery. Life expectancy has improved with advances in care, but VHL requires lifelong monitoring. Genetic counseling is recommended for affected individuals and families. The prognosis depends on tumor progression and treatment success. Regular follow-up with a specialist is crucial.","The prognosis for individuals with VHL depends on then number, location, and complications of the tumors. Untreated, VHL may result in blindness and/or permanent brain damage. With early detection and treatment the prognosis is significantly improved. Death is usually caused by complications of brain tumors or kidney cancer.",0.14857142857142858,0.29714285714285715,0.3464566929133858,0.06349206349206349,0.860599160194397,What is the outlook for Von Hippel-Lindau Disease (VHL) ?
0004589-5,"Orofaciodigital syndrome type 2 (OFD2), also known as Mohr syndrome, is a rare genetic disorder. Treatment is **symptomatic and supportive**, focusing on managing specific features: 1. **Craniofacial abnormalities**: Surgical correction (e.g., cleft lip/palate repair, dental interventions). 2. **Polydactyly/syndactyly**: Orthopedic or surgical correction if needed. 3. **Kidney issues** (e.g., polycystic kidneys): Monitoring, medications, or dialysis in severe cases. 4. **Developmental delays**: Early intervention (speech, physical, or occupational therapy). 5. **Hearing loss**: Hearing aids or cochlear implants if indicated. Genetic counseling is recommended for families. There is **no cure**, and care is multidisciplinary (geneticists, surgeons, therapists). Regular follow-up is essential to address evolving needs. For specifics, consult a clinical geneticist or specialist.","What treatment is available for orofaciodigital syndrome type 2? Treatment is dependent on the symptoms. For example, reconstructive surgery might be performed to correct oral, facial, and/or finger and toe abnormalities.",0.11347517730496454,0.15602836879432624,0.14545454545454545,0.027522935779816515,0.8453540205955505,What are the treatments for Orofaciodigital syndrome 2 ?
0000077-3,"The outlook for **Chronic Inflammatory Demyelinating Polyneuropathy (CIDP)** varies but is generally **favorable with treatment**. Many patients respond well to therapies like **intravenous immunoglobulin (IVIG), corticosteroids, or plasma exchange**, leading to improved strength and function. - **~60-80%** of patients achieve significant recovery, though relapses can occur. - **Long-term remission** is possible, but some may need ongoing treatment. - **Early diagnosis and treatment** improve outcomes, reducing disability. - **Severe cases** may result in persistent weakness or disability, but progression is usually slow. Regular monitoring and tailored therapy are key. Prognosis depends on individual factors like response to treatment and disease severity. Consult a neurologist for personalized guidance.","The course of CIDP varies widely among individuals. Some may have a bout of CIDP followed by spontaneous recovery, while others may have many bouts with partial recovery in between relapses. The disease is a treatable cause of acquired neuropathy and initiation of early treatment to prevent loss of nerve axons is recommended. However, some individuals are left with some residual numbness or weakness.",0.10588235294117647,0.2235294117647059,0.24528301886792453,0.009523809523809525,0.8444607853889465,What is the outlook for Chronic Inflammatory Demyelinating Polyneuropathy (CIDP) ?
0003608-1,"Limb-girdle muscular dystrophy type 2I (LGMD2I) is a genetic muscle disorder caused by mutations in the *FKRP* gene. It leads to progressive weakness and wasting of muscles, primarily in the shoulders (limb-girdle region) and hips, often starting in childhood or adulthood. Symptoms may include difficulty walking, climbing stairs, or lifting objects. Some patients also experience heart or respiratory muscle involvement, which can be serious. LGMD2I is inherited in an autosomal recessive pattern, meaning both parents must carry a faulty gene for a child to be affected. Diagnosis involves genetic testing, muscle biopsy, and clinical evaluation. There’s no cure, but management focuses on physical therapy, assistive devices, and monitoring heart/respiratory function. Prognosis varies depending on symptom severity. For personalized advice, consult a neurologist or genetic specialist.","Limb-girdle muscular dystrophy type 2I (LGMD2I) is a form of limb-girdle muscular dystrophy, which refers to a group of conditions that cause weakness and wasting of the muscles in the arms and legs. The proximal muscles (those closest to the body such as the upper arms and thighs) are generally most affected by the condition. In LGMD2I, specifically, signs and symptoms often develop in late childhood (average age 11.5 years) and may include difficulty running and walking. The symptoms gradually worsen overtime and affected people generally rely on a wheelchair for mobility approximately 23-26 years after onset. LGMD2I is caused by changes (mutations) in the FKRP gene and is inherited in an autosomal recessive manner. There is, unfortunately, no cure for LGMD2I and treatment is based on the signs and symptoms present in each person.",0.25384615384615383,0.35384615384615387,0.376,0.1693548387096774,0.8900914788246155,What is (are) Limb-girdle muscular dystrophy type 2I ?
0001023-2,"Wagner syndrome is an extremely rare genetic disorder. Due to its rarity, precise prevalence data is limited. Current medical literature suggests that fewer than **100 cases** have been reported worldwide since its first description in 1938. It is considered an **ultra-rare** condition, with estimates suggesting it affects **less than 1 in 1,000,000 people**. Because of its rarity, many cases may go undiagnosed or misdiagnosed. If you suspect Wagner syndrome, consultation with a geneticist or ophthalmologist is recommended.","Wagner syndrome is a rare disorder, although its exact prevalence is unknown. Approximately 300 affected individuals have been described worldwide; about half of these individuals are from the Netherlands.",0.18867924528301885,0.20754716981132074,0.2077922077922078,0.039473684210526314,0.8788586258888245,How many people are affected by Wagner syndrome ?
0000195-1,"Coffin-Lowry syndrome is a rare genetic disorder that affects many parts of the body. It's caused by mutations in the *RSK2* gene on the X chromosome, leading to intellectual disability, distinctive facial features, and skeletal abnormalities. Key features include: - **Developmental delays**: Learning difficulties and delayed motor skills. - **Facial characteristics**: Prominent forehead, wide-set eyes, thick lips, and a broad nose. - **Skeletal issues**: Short stature, short fingers, and spinal abnormalities. - **Other symptoms**: Hearing loss, heart problems, and seizures (in some cases). It primarily affects males, while females may have milder symptoms. Diagnosis is confirmed through genetic testing. There’s no cure, but early intervention (e.g., physical therapy, special education) can help manage symptoms. For personalized advice, consult a geneticist or healthcare provider.","Coffin-Lowry syndrome is a condition that affects many parts of the body. The signs and symptoms are usually more severe in males than in females, although the features of this disorder range from very mild to severe in affected women. Males with Coffin-Lowry syndrome typically have severe to profound intellectual disability and delayed development. Affected women may be cognitively normal, or they may have intellectual disability ranging from mild to profound. Beginning in childhood or adolescence, some people with this condition experience brief episodes of collapse when excited or startled by a loud noise. These attacks are called stimulus-induced drop episodes (SIDEs). Most affected males and some affected females have distinctive facial features including a prominent forehead, widely spaced and downward-slanting eyes, a short nose with a wide tip, and a wide mouth with full lips. These features become more pronounced with age. Soft hands with short, tapered fingers are also characteristic of Coffin-Lowry syndrome. Additional features of this condition include short stature, an unusually small head (microcephaly), progressive abnormal curvature of the spine (kyphoscoliosis), and other skeletal abnormalities.",0.17880794701986757,0.27814569536423844,0.36585365853658536,0.13114754098360656,0.8543351888656616,What is (are) Coffin-Lowry syndrome ?
0000110-1,"Dyslexia is a common learning difficulty that primarily affects reading, writing, and spelling skills. It's a lifelong condition, often genetic, that doesn't relate to intelligence. People with dyslexia may have trouble with: - Phonological awareness (identifying and manipulating sounds in words) - Rapid naming (quickly naming familiar objects or letters) - Working memory (holding and processing information) Dyslexia varies in severity and can co-occur with other learning differences like dyscalculia or ADHD. Early identification and tailored support, such as structured literacy programs, can significantly improve outcomes. It's important to note that dyslexia doesn't affect overall intelligence, and many individuals with dyslexia excel in creative, problem-solving, or big-picture thinking. If you suspect dyslexia, consult a specialist for a comprehensive evaluation.","Dyslexia is a brain-based type of learning disability that specifically impairs a person's ability to read. These individuals typically read at levels significantly lower than expected despite having normal intelligence. Although the disorder varies from person to person, common characteristics among people with dyslexia are difficulty with phonological processing (the manipulation of sounds), spelling, and/or rapid visual-verbal responding. In individuals with adult onset of dyslexia, it usually occurs as a result of brain injury or in the context of dementia; this contrasts with individuals with dyslexia who simply were never identified as children or adolescents. Dyslexia can be inherited in some families, and recent studies have identified a number of genes that may predispose an individual to developing dyslexia.",0.17647058823529413,0.31932773109243695,0.40336134453781514,0.05084745762711865,0.8740261197090149,What is (are) Dyslexia ?
0000006_7-2,"Childhood **Central Nervous System (CNS) Germ Cell Tumors** are classified by the **World Health Organization (WHO)** and staged using the **modified Chang system** (for medulloblastoma, adapted for germ cell tumors). Here are the key stages: 1. **Localized (M0)** – Tumor confined to the primary site (e.g., pineal or suprasellar region). 2. **Metastatic (M+)** – Spread within the CNS (e.g., cerebrospinal fluid dissemination, spinal metastases). - **M1**: Microscopic tumor cells in cerebrospinal fluid (CSF). - **M2**: Gross nodular seeding in the brain. - **M3**: Gross nodular seeding in the spine. - **M4**: Extraneural metastases (rare). **Histological subtypes** (e.g., germinoma, teratoma, yolk sac tumor) also influence prognosis. Staging combines **imaging (MRI/CT)** and **CSF analysis**. For precise risk stratification, consult a pediatric oncologist. *Source: WHO CNS5 (2021), Children’s Oncology Group (COG) guidelines.*",Key Points - Childhood central nervous system (CNS) germ cell tumors rarely spread outside of the brain and spinal cord. Childhood central nervous system (CNS) germ cell tumors rarely spread outside of the brain and spinal cord. Staging is the process used to find out how much cancer there is and if cancer has spread. There is no standard staging system for childhood central nervous system (CNS) germ cell tumors. The treatment plan depends on the following: - The type of germ cell tumor. - Whether the tumor has spread within the CNS or to other parts of the body. - The results of tests and procedures done to diagnose childhood CNS germ cell tumors. - Whether the tumor is newly diagnosed or has recurred (come back) after treatment.,0.17054263565891473,0.24806201550387597,0.2558139534883721,0.0625,0.8255560994148254,What are the stages of Childhood Central Nervous System Germ Cell Tumors ?
0001759-1,"Deafness, X-linked 2 (DFNX2), also known as *POU3F4*-related deafness, primarily causes **sensorineural hearing loss** (damage to the inner ear or auditory nerve). Key symptoms include: 1. **Congenital or early-onset hearing loss** – Often severe to profound, present at birth or developing in infancy. 2. **Mixed hearing loss** – May involve both sensorineural and conductive components (due to inner ear malformations). 3. **Temporal bone abnormalities** – Commonly seen on imaging (e.g., enlarged vestibular aqueduct, cochlear dysplasia). 4. **Possible vestibular issues** – Balance problems (less common). Hearing loss is typically **non-progressive** but can vary in severity. Genetic testing confirms the diagnosis. Early intervention (e.g., hearing aids, cochlear implants) is recommended. For personalized advice, consult a geneticist or audiologist.","What are the signs and symptoms of Deafness, X-linked 2? The Human Phenotype Ontology provides the following list of signs and symptoms for Deafness, X-linked 2. If the information is available, the table below includes how often the symptom is seen in people with this condition. You can use the MedlinePlus Medical Dictionary to look up the definitions for these medical terms. Signs and Symptoms Approximate number of patients (when available) Conductive hearing impairment - Dilatated internal auditory canal - Progressive sensorineural hearing impairment - Stapes ankylosis - X-linked recessive inheritance - The Human Phenotype Ontology (HPO) has collected information on how often a sign or symptom occurs in a condition. Much of this information comes from Orphanet, a European rare disease database. The frequency of a sign or symptom is usually listed as a rough estimate of the percentage of patients who have that feature. The frequency may also be listed as a fraction. The first number of the fraction is how many people had the symptom, and the second number is the total number of people who were examined in one study. For example, a frequency of 25/25 means that in a study of 25 people all patients were found to have that symptom. Because these frequencies are based on a specific study, the fractions may be different if another group of patients are examined. Sometimes, no information on frequency is available. In these cases, the sign or symptom may be rare or common.",0.09944751381215469,0.17679558011049723,0.3103448275862069,0.008695652173913044,0.8082707524299622,"What are the symptoms of Deafness, X-linked 2 ?"
0000297-2,"Donohue syndrome (also called leprechaunism) is an **extremely rare** genetic disorder. Due to its rarity, precise prevalence is unknown, but it is estimated to affect **fewer than 1 in 1,000,000 births** worldwide. Most cases are reported as isolated incidents, and only about **50 cases** have been documented in medical literature since its discovery. The condition is inherited in an **autosomal recessive** pattern, meaning both parents must carry a mutated gene for a child to be affected. If you suspect a diagnosis, genetic testing and consultation with a specialist (e.g., endocrinologist or geneticist) are recommended.",Donohue syndrome is estimated to affect less than 1 per million people worldwide. Several dozen cases have been reported in the medical literature.,0.2393162393162393,0.2735042735042735,0.24468085106382978,0.06451612903225806,0.8807942867279053,How many people are affected by Donohue syndrome ?
0000194-3,"The outlook for migraine varies, but many people find their symptoms improve over time, especially with proper management. Migraines often decrease in frequency and severity with age, particularly after menopause in women. Effective treatments include: - **Lifestyle changes** (regular sleep, hydration, stress management, avoiding triggers). - **Medications** (pain relievers, triptans, CGRP inhibitors, or preventive drugs like beta-blockers). - **Alternative therapies** (acupuncture, biofeedback, or cognitive behavioral therapy). While migraines can be disabling, most people can achieve good control with the right approach. However, chronic migraines (15+ headache days/month) may require more intensive treatment. Early intervention improves long-term outcomes. For personalized advice, consult a healthcare provider. I don’t know specifics about your case.","Responsive prevention and treatment of migraine is incredibly important. Evidence shows an increased sensitivity after each successive attack, eventually leading to chronic daily migraine in some individuals With proper combination of drugs for prevention and treatment of migraine attacks most individuals can overcome much of the discomfort from this debilitating disorder. Women whose migraine attacks occur in association with their menstrual cycle are likely to have fewer attacks and milder symptoms after menopause.",0.07608695652173912,0.1739130434782609,0.18018018018018017,0.00909090909090909,0.8481855392456055,What is the outlook for Migraine ?
0000024_6-7,"Treatment for oropharyngeal cancer depends on the stage, location, and overall health, but generally includes: 1. **Surgery**: Removal of the tumor and nearby lymph nodes, often using minimally invasive techniques (e.g., transoral robotic surgery). 2. **Radiation Therapy**: High-energy rays to kill cancer cells, often used for early-stage or as adjuvant therapy post-surgery. 3. **Chemotherapy**: Drugs to kill cancer cells, typically combined with radiation (chemoradiation) for advanced cases. 4. **Targeted Therapy**: Drugs like cetuximab target specific cancer cell markers, used in advanced or recurrent cases. 5. **Immunotherapy**: Drugs (e.g., pembrolizumab, nivolumab) boost the immune system to fight cancer, often for recurrent/metastatic disease. Early-stage cancers may require single-modality treatment (e.g., surgery or radiation), while advanced cases often need combined approaches. Clinical trials may offer additional options. Always consult an oncologist for personalized care.","Key Points - There are different types of treatment for patients with oropharyngeal cancer. - Patients with oropharyngeal cancer should have their treatment planned by a team of doctors with expertise in treating head and neck cancer. - Four types of standard treatment are used: - Surgery - Radiation therapy - Chemotherapy - Targeted therapy - New types of treatment are being tested in clinical trials. - Patients may want to think about taking part in a clinical trial. - Patients can enter clinical trials before, during, or after starting their cancer treatment. - Follow-up tests may be needed. There are different types of treatment for patients with oropharyngeal cancer. Different types of treatment are available for patients with oropharyngeal cancer. Some treatments are standard (the currently used treatment), and some are being tested in clinical trials. A treatment clinical trial is a research study meant to help improve current treatments or obtain information on new treatments for patients with cancer. When clinical trials show that a new treatment is better than the standard treatment, the new treatment may become the standard treatment. Patients may want to think about taking part in a clinical trial. Some clinical trials are open only to patients who have not started treatment. Patients with oropharyngeal cancer should have their treatment planned by a team of doctors with expertise in treating head and neck cancer. The patient's treatment will be overseen by a medical oncologist, a doctor who specializes in treating people with cancer. Because the oropharynx helps in breathing, eating, and talking, patients may need special help adjusting to the side effects of the cancer and its treatment. The medical oncologist may refer the patient to other health professionals with special training in the treatment of patients with head and neck cancer. These may include the following specialists: - Head and neck surgeon. - Radiation oncologist. - Plastic surgeon. - Dentist. - Dietitian. - Psychologist. - Rehabilitation specialist. - Speech therapist. Four types of standard treatment are used: Surgery Surgery (removing the cancer in an operation) is a common treatment of all stages of oropharyngeal cancer. A surgeon may remove the cancer and some of the healthy tissue around the cancer. Even if the surgeon removes all the cancer that can be seen at the time of the surgery, some patients may be given chemotherapy or radiation therapy after surgery to kill any cancer cells that are left. Treatment given after the surgery, to lower the risk that the cancer will come back, is called adjuvant therapy. New types of surgery, including transoral robotic surgery, are being studied for the treatment of oropharyngeal cancer. Transoral robotic surgery may be used to remove cancer from hard-to-reach areas of the mouth and throat. Cameras attached to a robot give a 3-dimensional (3D) image that a surgeon can see. Using a computer, the surgeon guides very small tools at the ends of the robot arms to remove the cancer. This procedure may also be done using an endoscope. Radiation therapy Radiation therapy is a cancer treatment that uses high-energy x-rays or other types of radiation to kill cancer cells or keep them from growing. There are two types of radiation therapy: - External radiation therapy uses a machine outside the body to send radiation toward the cancer. Certain ways of giving radiation therapy can help keep radiation from damaging nearby healthy tissue. These types of radiation therapy include the following: - Intensity-modulated radiation therapy (IMRT): IMRT is a type of 3-dimensional (3-D) radiation therapy that uses a computer to make pictures of the size and shape of the tumor. Thin beams of radiation of different intensities (strengths) are aimed at the tumor from many angles. - Stereotactic body radiation therapy: Stereotactic body radiation therapy is a type of external radiation therapy. Special equipment is used to place the patient in the same position for each radiation treatment. Once a day for several days, a radiation machine aims a larger than usual dose of radiation directly at the tumor. By having the patient in the same position for each treatment, there is less damage to nearby healthy tissue. This procedure is also called stereotactic external-beam radiation therapy and stereotaxic radiation therapy. - Internal radiation therapy uses a radioactive substance sealed in needles, seeds, wires, or catheters that are placed directly into or near the cancer. In advanced oropharyngeal cancer, dividing the daily dose of radiation into smaller-dose treatments improves the way the tumor responds to treatment. This is called hyperfractionated radiation therapy. The way the radiation therapy is given depends on the type and stage of the cancer being treated. External radiation therapy is used to treat oropharyngeal cancer. Radiation therapy may work better in patients who have stopped smoking before beginning treatment. If the thyroid or pituitary gland are part of the radiation treatment area, the patient has an increased risk of hypothyroidism (too little thyroid hormone). A blood test to check the thyroid hormone level in the body should be done before and after treatment. Chemotherapy Chemotherapy is a cancer treatment that uses drugs to stop the growth of cancer cells, either by killing the cells or by stopping them from dividing. When chemotherapy is taken by mouth or injected into a vein or muscle, the drugs enter the bloodstream and can reach cancer cells throughout the body (systemic chemotherapy). When chemotherapy is placed directly into the cerebrospinal fluid, an organ, or a body cavity such as the abdomen, the drugs mainly affect cancer cells in those areas (regional chemotherapy). The way the chemotherapy is given depends on the type and stage of the cancer being treated. Systemic chemotherapy is used to treat oropharyngeal cancer. See Drugs Approved for Head and Neck Cancer for more information. (Oropharyngeal cancer is a type of head and neck cancer.) Targeted therapy Targeted therapy is a type of treatment that uses drugs or other substances to attack specific cancer cells. Targeted therapies usually cause less harm to normal cells than chemotherapy or radiation therapy do. Monoclonal antibodies are a type of targeted therapy being used in the treatment of oropharyngeal cancer. Monoclonal antibody therapy is a cancer treatment that uses antibodies made in the laboratory from a single type of immune system cell. These antibodies can identify substances on cancer cells or normal substances in the blood or tissues that may help cancer cells grow. The antibodies attach to the substances and kill the cancer cells, block their growth, or keep them from spreading. Monoclonal antibodies are given by infusion. They may be used alone or to carry drugs, toxins, or radioactive material directly to cancer cells. Cetuximab is a type of monoclonal antibody that works by binding to a protein on the surface of the cancer cells and stops the cells from growing and dividing. It is used in the treatment of recurrent oropharyngeal cancer. Other types of monoclonal antibody therapy are being studied in the treatment of oropharyngeal cancer. Nivolumab is being studied in the treatment of stage III and IV oropharyngeal cancer. See Drugs Approved for Head and Neck Cancer for more information. (Oropharyngeal cancer is a type of head and neck cancer.) New types of treatment are being tested in clinical trials. Information about clinical trials is available from the NCI website. Patients may want to think about taking part in a clinical trial. For some patients, taking part in a clinical trial may be the best treatment choice. Clinical trials are part of the cancer research process. Clinical trials are done to find out if new cancer treatments are safe and effective or better than the standard treatment. Many of today's standard treatments for cancer are based on earlier clinical trials. Patients who take part in a clinical trial may receive the standard treatment or be among the first to receive a new treatment. Patients who take part in clinical trials also help improve the way cancer will be treated in the future. Even when clinical trials do not lead to effective new treatments, they often answer important questions and help move research forward. Patients can enter clinical trials before, during, or after starting their cancer treatment. Some clinical trials only include patients who have not yet received treatment. Other trials test treatments for patients whose cancer has not gotten better. There are also clinical trials that test new ways to stop cancer from recurring (coming back) or reduce the side effects of cancer treatment. Clinical trials are taking place in many parts of the country. See the Treatment Options section that follows for links to current treatment clinical trials. These have been retrieved from NCI's listing of clinical trials. Follow-up tests may be needed. Some of the tests that were done to diagnose the cancer or to find out the stage of the cancer may be repeated. Some tests will be repeated in order to see how well the treatment is working. Decisions about whether to continue, change, or stop treatment may be based on the results of these tests. Some of the tests will continue to be done from time to time after treatment has ended. The results of these tests can show if your condition has changed or if the cancer has recurred (come back). These tests are sometimes called follow-up tests or check-ups. Following treatment, it is important to have careful head and neck exams to look for signs that the cancer has come back. Check-ups will be done every 6 to 12 weeks in the first year, every 3 months in the second year, every 3 to 4 months in the third year, and every 6 months thereafter. Treatment Options by Stage Stage I and Stage II Oropharyngeal Cancer Treatment of stage I and stage II oropharyngeal cancer may include the following: - Radiation therapy. - Surgery. Check the list of NCI-supported cancer clinical trials that are now accepting patients with stage I oropharyngeal cancer and stage II oropharyngeal cancer. For more specific results, refine the search by using other search features, such as the location of the trial, the type of treatment, or the name of the drug. Talk with your doctor about clinical trials that may be right for you. General information about clinical trials is available from the NCI website. Stage III and Stage IV Oropharyngeal Cancer Treatment of stage III oropharyngeal cancer and stage IV oropharyngeal cancer may include the following: - For patients with locally advanced cancer, surgery followed by radiation therapy. Chemotherapy also may be given at the same time as radiation therapy. - Radiation therapy alone for patients who cannot have chemotherapy. - Chemotherapy given at the same time as radiation therapy. - Chemotherapy followed by radiation therapy given at the same time as more chemotherapy. - A clinical trial of chemotherapy followed by surgery or radiation therapy. - A clinical trial of targeted therapy (nivolumab) with chemotherapy given at the same time as radiation therapy in patients with advanced HPV -positive oropharyngeal cancer. - A clinical trial of radiation therapy with or without chemotherapy. - A clinical trial of transoral surgery followed by standard - or low-dose radiation therapy with or without chemotherapy in patients with HPV-positive oropharyngeal cancer. Check the list of NCI-supported cancer clinical trials that are now accepting patients with stage III oropharyngeal cancer and stage IV oropharyngeal cancer. For more specific results, refine the search by using other search features, such as the location of the trial, the type of treatment, or the name of the drug. Talk with your doctor about clinical trials that may be right for you. General information about clinical trials is available from the NCI website. Recurrent Oropharyngeal Cancer Treatment of recurrent oropharyngeal cancer may include the following: - Surgery, if the tumor does not respond to radiation therapy. - Radiation therapy, if the tumor was not completely removed by surgery and previous radiation has not been given. - Second surgery, if the tumor was not completely removed by the first surgery. - Chemotherapy for patients with recurrent cancer that cannot be removed by surgery. - Radiation therapy given at the same time as chemotherapy. - Stereotactic body radiation therapy given at the same time as targeted therapy (cetuximab). - Clinical trials of targeted therapy, stereotactic body radiation therapy, or hyperfractionated radiation therapy given at the same time as chemotherapy. Check the list of NCI-supported cancer clinical trials that are now accepting patients with recurrent oropharyngeal cancer. For more specific results, refine the search by using other search features, such as the location of the trial, the type of treatment, or the name of the drug. Talk with your doctor about clinical trials that may be right for you. General information about clinical trials is available from the NCI website.",0.04074402125775022,0.05757307351638618,0.5190839694656488,0.15384615384615385,0.8179850578308105,What are the treatments for Oropharyngeal Cancer ?
0000089-6,"Marfan syndrome is a genetic disorder affecting connective tissue. While there's no cure, treatments focus on managing symptoms and preventing complications. Key approaches include: 1. **Medications**: Beta-blockers (e.g., atenolol) or angiotensin receptor blockers (e.g., losartan) to reduce stress on the aorta and slow its dilation. 2. **Monitoring**: Regular echocardiograms to track heart and aorta health. Eye exams for lens dislocation or retinal issues. 3. **Lifestyle**: Avoiding strenuous activities (e.g., contact sports) to prevent aortic damage. Low-impact exercises (e.g., swimming) may be recommended. 4. **Surgery**: Aortic repair or replacement if the aorta dilates significantly or risks rupturing. Spinal or chest surgery may be needed for severe skeletal issues. 5. **Other**: Glasses or surgery for eye problems. Orthotics or physical therapy for joint/muscle issues. Treatment is tailored to individual needs. A multidisciplinary team (cardiologist, ophthalmologist, orthopedist) is essential. Early intervention improves outcomes.","Marfan syndrome has no cure. However, treatments can help delay or prevent complications, especially when started early. Marfan syndrome can affect many parts of your body, including your heart, bones and joints, eyes, nervous system, and lungs. The type of treatment you receive will depend on your signs and symptoms. Heart Treatments Aortic dilation, or aortic aneurysm, is the most common and serious heart problem linked to Marfan syndrome. In this condition, the aortathe main artery that carries oxygen-rich blood to your bodystretches and grows weak. Medicines are used to try to slow the rate of aortic dilation. Surgery is used to replace the dilated segment of aorta before it tears. If you have Marfan syndrome, you'll need routine care and tests to check your heart valves and aorta. Medicines Beta blockers are medicines that help your heart beat slower and with less force. These medicines may help relieve strain on your aorta and slow the rate of aortic dilation. Some people have side effects from beta blockers, such as tiredness and nausea (feeling sick to your stomach). If side effects occur, your doctor may prescribe a calcium channel blocker or ACE inhibitor instead of a beta blocker. Both medicines help relieve stress on the aorta. Studies suggest that blocking a protein called TGF-beta may help prevent some of the effects of Marfan syndrome. Research shows that the medicine losartan may block the protein in other conditions. The National Heart, Lung, and Blood Institute currently is sponsoring a study comparing losartan to a beta blocker in children and adults who have Marfan syndrome. The study's goal is to find out which medicine, if either, is best at slowing the rate of aortic dilation. Surgery If your aorta stretches, it's more likely to tear (a condition called aortic dissection). To prevent this, your doctor may recommend surgery to repair or replace part of your aorta. Surgery may involve: A composite valve graft. For this surgery, part of the aorta and the aortic valve are removed. The aorta is replaced with a man-made tube called a graft. A man-made valve replaces the original valve. Aortic valve-sparing surgery. If your aortic valve is working well, your doctor may recommend valve-sparing surgery. For this surgery, your doctor replaces the enlarged part of your aorta with a graft. Your aortic valve is left in place. After aortic surgery, you may need medicines or followup tests. For example, after a composite valve graft, your doctor will prescribe medicines called anticoagulants, or ""blood thinners."" Blood thinners help prevent blood clots from forming on your man-made aortic valve. You'll need to take these medicines for the rest of your life. If you've had valve-sparing surgery, you'll only need to take blood thinners for a short time, as your doctor prescribes. If you've had a composite valve graft, you're at increased risk for endocarditis (EN-do-kar-DI-tis). This is an infection of the inner lining of your heart chambers and valves. Your doctor may recommend that you take antibiotics before certain medical or dental procedures that increase your risk of endocarditis. Your doctor also may advise you to continue taking beta blockers or other medicines after either type of aortic surgery. After surgery, you may have routine cardiac magnetic resonance imaging (MRI) or cardiac computed tomography (CT) scans to check your aorta. Cardiac MRI is a painless test that uses radio waves and magnets to created detailed pictures of your organs and tissues. Cardiac CT is a painless test that uses an x-ray machine to take clear, detailed pictures of your heart. Bone and Joint Treatments If you have scoliosis (a curved spine), your doctor may suggest a brace or other device to prevent the condition from getting worse. Severe cases of scoliosis may require surgery. Some people who have Marfan syndrome need surgery to repair a chest that sinks in or sticks out. This surgery is done to prevent the chest from pressing on the lungs and heart. Eye Treatments Marfan syndrome can lead to many eye problems, such as a dislocated lens, nearsightedness, early glaucoma (high pressure in the fluid in the eyes), and cataracts (clouding of an eye's lens). Glasses or contact lenses can help with some of these problems. Sometimes surgery is needed. Nervous System Treatments Marfan syndrome can lead to dural ectasia. In this condition, a substance called the dura (which covers the fluid around your brain and spinal cord) stretches and grows weak. This can cause the bones of the spine to wear away. Dural ectasia usually is treated with pain medicines. Lung Treatments Marfan syndrome may cause pneumothorax, or collapsed lung. In this condition, air or gas builds up in the space between the lungs and the chest wall. If the condition is minor, it may go away on its own. However, you may need to have a tube placed through your skin and chest wall to remove the air. Sometimes surgery is needed.",0.07916666666666668,0.12291666666666666,0.42142857142857143,0.09352517985611511,0.8311544060707092,What are the treatments for Marfan Syndrome ?
0000073-1,"Cerebro-Oculo-Facio-Skeletal (COFS) syndrome is a rare, autosomal recessive genetic disorder. It's a severe neurodegenerative condition that primarily affects the brain, eyes, face, and skeletal system. Key features include: - **Neurological**: Microcephaly, intellectual disability, and progressive neurodegeneration. - **Ocular**: Cataracts, microphthalmia (small eyes), and vision impairment. - **Facial**: Distinctive facial features like prominent nasal root, micrognathia (small jaw), and large ears. - **Skeletal**: Contractures (joint stiffness), osteoporosis, and kyphosis (curvature of the spine). COFS syndrome is typically diagnosed in infancy due to its severe symptoms. It's caused by mutations in genes involved in DNA repair, such as *ERCC6* or *ERCC8*. Unfortunately, there's no cure, and management focuses on supportive care to improve quality of life. Most children with COFS syndrome do not survive beyond early childhood.","Cerebro-oculo-facio-skeletal syndrome (COFS) is a pediatric, genetic, degenerative disorder that involves the brain and the spinal cord. It is characterized by craniofacial and skeletal abnormalities, severely reduced muscle tone, and impairment of reflexes. Symptoms may include large, low-set ears, small eyes, microcephaly (abnormal smallness of the head), micrognathia (abnormal smallness of the jaws), clenched fists, wide-set nipples, vision impairments, involuntary eye movements, and impaired cognitive development, which can be moderate or severe. Respiratory infections are frequent. COFS is diagnosed at birth. Ultrasound technology can detect fetuses with COFS at an early stage of pregnancy, as the fetus moves very little, and some of the abnormalities result, in part, from lack of movement. A small number of individuals with COFS have a mutation in the ""ERCC6"" gene and are more appropriately diagnosed as having Cockayne Syndrome Type II. Other individuals with COFS may have defects in the xeroderma pigmentosum genes ""XPG"" or ""XPD."" Still others who are diagnosed with COFS have no identifiable genetic defect and are presumably affected because of mutations in a distinct, as-yet-unknown gene. NOTE: This disorder is not the same as Cohen's syndrome (cerebral obesity ocular skeletal syndrome).",0.14556962025316456,0.25316455696202533,0.32,0.04032258064516129,0.8595277667045593,What is (are) Cerebro-Oculo-Facio-Skeletal Syndrome (COFS) ?
0000167-18,"Polycystic Kidney Disease (PKD) is a genetic disorder with no cure, but treatments can manage symptoms and slow progression: 1. **Blood Pressure Control**: High blood pressure is common. ACE inhibitors or ARBs are often prescribed. 2. **Pain Management**: Over-the-counter pain relievers (e.g., acetaminophen) can help. Avoid NSAIDs (e.g., ibuprofen), which can harm kidneys. 3. **Infections**: Treat urinary tract or kidney infections promptly with antibiotics. 4. **Diet**: Reduce salt, stay hydrated, and limit protein if kidney function declines. Consult a dietitian. 5. **Lifestyle**: Maintain a healthy weight, exercise regularly, and avoid smoking. 6. **Monitoring**: Regular check-ups, blood tests, and imaging (e.g., ultrasound) to track kidney function and cyst growth. 7. **Advanced Care**: For kidney failure, dialysis or a kidney transplant may be needed. Consult a nephrologist for personalized care. Early intervention is key.","- Polycystic kidney disease (PKD) is a genetic disorder that causes numerous cysts to grow in the kidneys. - A gene mutation, or defect, causes polycystic kidney disease. - Autosomal dominant PKD is the most common form of PKD and the most common inherited disorder of the kidneys. - Health care providers identify most cases of autosomal dominant PKD between the ages of 30 and 50. - The most common symptoms of PKD are pain in the back and sidesbetween the ribs and hipsand headaches. The pain can be temporary or persistent, mild or severe. Hematuriablood in the urinemay also be a sign of autosomal dominant PKD. - The complications of autosomal dominant PKD include the following: - pain - high blood pressure - kidney failure - urinary tract infections (UTIs) - kidney stones - liver cysts - pancreatic cysts - abnormal heart valves - diverticula - brain aneurysms - A health care provider diagnoses autosomal dominant PKD using imaging tests and genetic testing. - A radiologista doctor who specializes in medical imagingwill interpret the images produced by the following imaging tests: - ultrasound - computerized tomography scans - magnetic resonance imaging - Genetic testing can show whether a persons cells carry a gene mutation that causes autosomal dominant PKD. A health care provider may also use genetic testing results to determine whether someone with a family history of PKD is likely to develop the disorder in the future. Prenatal testing can diagnose autosomal recessive PKD in unborn children. - Although a cure for autosomal dominant PKD is not currently available, treatment can ease symptoms and prolong life. - Autosomal recessive PKD is a rare genetic disorder that affects the liver as well as the kidneys. - The complications of autosomal recessive PKD include the following: - death due to breathing problems - kidney failure - liver scarring - high blood pressure - UTIs - A health care provider diagnoses autosomal recessive PKD with ultrasound imaging, even in a fetus or newborn. - Treatments for autosomal recessive PKD focus on the symptoms and complications. - Scientists have not yet found a way to prevent PKD. However, people with PKD may slow the progression of kidney damage caused by high blood pressure through lifestyle changes, diet, and blood pressure medications. - People with any kind of kidney disease, including PKD, should talk with a dietitian about foods they should add to their diet and foods that might be harmful.",0.10370370370370371,0.1925925925925926,0.3939393939393939,0.08396946564885496,0.8213409781455994,What to do for Polycystic Kidney Disease ?
0000432-7,"To prevent **Trichuriasis (Whipworm Infection)**, follow these evidence-based measures: 1. **Sanitation & Hygiene**: - Wash hands thoroughly with soap and clean water before eating, after using the toilet, and after contact with soil. - Avoid open defecation; use proper toilets. 2. **Food Safety**: - Wash fruits and vegetables with clean water, especially those grown in or near soil. - Peel or cook produce when possible. 3. **Environmental Control**: - Improve sewage disposal and wastewater management in endemic areas. - Avoid using untreated human feces as fertilizer. 4. **Community Efforts**: - Promote mass deworming programs in high-risk regions (e.g., albendazole or mebendazole). 5. **Travel Precautions**: - In tropical/subtropical areas, drink bottled or boiled water and avoid raw foods washed in untreated water. The **CDC** and **WHO** recommend these steps for prevention. If symptoms (e.g., diarrhea, abdominal pain) persist, consult a healthcare provider.","The best way to prevent whipworm infection is to always: - Avoid ingesting soil that may be contaminated with human feces, including where human fecal matter (""night soil"") or wastewater is used to fertilize crops. - Wash your hands with soap and warm water before handling food. - Teach children the importance of washing hands to prevent infection. - Wash, peel, or cook all raw vegetables and fruits before eating, particularly those that have been grown in soil that has been fertilized with manure. More on: Handwashing Transmission of infection to others can be prevented by - Not defecating outdoors. - Effective sewage disposal systems.",0.1626016260162602,0.2845528455284553,0.3617021276595745,0.08571428571428572,0.8536669015884399,How to prevent Parasites - Trichuriasis (also known as Whipworm Infection) ?
0000418-3,"Glutaric acidemia type II (GAII), also known as multiple acyl-CoA dehydrogenase deficiency (MADD), is caused by genetic defects in **electron transfer flavoprotein (ETF)** or **ETF dehydrogenase (ETFDH)**. - **ETFA, ETFB genes**: Encode the alpha and beta subunits of ETF, respectively. Mutations here disrupt electron transfer from fatty acid and amino acid metabolism to the mitochondrial respiratory chain. - **ETFDH gene**: Encodes ETF dehydrogenase, which further transfers electrons to coenzyme Q10. Mutations impair this process. These defects lead to impaired oxidation of fatty acids and certain amino acids, causing toxic metabolite buildup (e.g., glutaric acid). GAII is inherited in an **autosomal recessive** pattern. For specific mutations, genetic testing is required. Severity varies based on the mutation. I recommend consulting a geneticist or metabolic specialist for personalized information.","Mutations in any of three genes, ETFA, ETFB, and ETFDH, can result in glutaric acidemia type II. The ETFA and ETFB genes provide instructions for producing two protein segments, or subunits, that come together to make an enzyme called electron transfer flavoprotein. The ETFDH gene provides instructions for making another enzyme called electron transfer flavoprotein dehydrogenase. Glutaric acidemia type II is caused by a deficiency in either of these two enzymes. Electron transfer flavoprotein and electron transfer flavoprotein dehydrogenase are normally active in the mitochondria, which are the energy-producing centers of cells. These enzymes help break down proteins and fats to provide energy for the body. When one of the enzymes is defective or missing, partially broken down nutrients accumulate in the cells and damage them, causing the signs and symptoms of glutaric acidemia type II. People with mutations that result in a complete loss of either enzyme produced from the ETFA, ETFB or ETFDH genes are likely to experience the most severe symptoms of glutaric acidemia type II. Mutations that allow the enzyme to retain some activity may result in milder forms of the disorder.",0.15384615384615383,0.2628205128205129,0.3412698412698413,0.056,0.8484691977500916,What are the genetic changes related to glutaric acidemia type II ?
0000141-1,"An ectopic kidney is a congenital condition where a kidney is located in an abnormal position, typically lower in the abdomen or pelvis, rather than its usual place in the flank. This occurs during fetal development when the kidney fails to ascend to its normal position. Most people with an ectopic kidney have no symptoms and may not even know they have it. However, it can sometimes lead to complications like urinary tract infections, kidney stones, or blockages due to abnormal urine flow. Diagnosis is often made incidentally during imaging (e.g., ultrasound, CT scan) for other issues. Treatment is usually unnecessary unless complications arise. If you suspect you have this condition or experience symptoms like pain or frequent infections, consult a healthcare provider for evaluation.","An ectopic kidney is a birth defect in which a kidney is located below, above, or on the opposite side of its usual position. About one in 900 people has an ectopic kidney.1",0.20253164556962028,0.24050632911392403,0.264,0.08064516129032258,0.8762074708938599,What is (are) Ectopic Kidney ?
0000890-1,"Salih myopathy is a rare, inherited muscle disorder characterized by early-onset muscle weakness and wasting (myopathy). It is caused by mutations in the **TRIP4** gene, which affects muscle structure and function. Key features include: - **Congenital or early childhood onset** of muscle weakness, often with delayed motor milestones. - **Proximal muscle weakness** (shoulders, hips) and possible joint contractures. - **Respiratory and cardiac involvement** in some cases, requiring monitoring. Diagnosis involves genetic testing, muscle biopsy, and clinical evaluation. There is no specific cure, but supportive care (physical therapy, respiratory support) can help manage symptoms. For personalized medical advice, consult a neurologist or genetic specialist.","Salih myopathy is an inherited muscle disease that affects the skeletal muscles, which are used for movement, and the heart (cardiac) muscle. This condition is characterized by skeletal muscle weakness that becomes apparent in early infancy. Affected individuals have delayed development of motor skills, such as sitting, standing, and walking. Beginning later in childhood, people with Salih myopathy may also develop joint deformities called contractures that restrict the movement of the neck and back. Scoliosis, which is an abnormal side-to-side curvature of the spine, also develops in late childhood. A form of heart disease called dilated cardiomyopathy is another feature of Salih myopathy. Dilated cardiomyopathy enlarges and weakens the cardiac muscle, preventing the heart from pumping blood efficiently. Signs and symptoms of this condition can include an irregular heartbeat (arrhythmia), shortness of breath, extreme tiredness (fatigue), and swelling of the legs and feet. The heart abnormalities associated with Salih myopathy usually become apparent in childhood, after the skeletal muscle abnormalities. The heart disease worsens quickly, and it often causes heart failure and sudden death in adolescence or early adulthood.",0.14893617021276595,0.24822695035460993,0.39805825242718446,0.058823529411764705,0.8477510213851929,What is (are) Salih myopathy ?
0001077-1,"18q deletion syndrome is a rare chromosomal disorder caused by the deletion of a portion of the long arm (q) of chromosome 18. Symptoms vary widely but may include: - **Developmental delays** (speech, motor skills) - **Intellectual disability** (mild to severe) - **Physical features** (e.g., low-set ears, foot deformities, cleft palate) - **Growth delays** (short stature) - **Hearing or vision problems** - **Heart or kidney abnormalities** (in some cases) The severity depends on the size and location of the deletion. Diagnosis is confirmed via genetic testing (e.g., chromosomal microarray). Management focuses on symptom support (e.g., therapy, surgeries, assistive devices). Early intervention improves outcomes. For personalized information, consult a geneticist or healthcare provider. I don’t know specifics about individual cases.","18q deletion syndrome is a chromosomal condition that results when a piece of chromosome 18 is missing. The condition can lead to a wide variety of signs and symptoms among affected individuals. Most people with 18q deletion syndrome have intellectual disability and delayed development that can range from mild to severe, but some affected individuals have normal intelligence and development. Seizures, hyperactivity, aggression, and autistic behaviors that affect communication and social interaction may also occur. Some people with 18q deletion syndrome have a loss of tissue called white matter in the brain and spinal cord (leukodystrophy), structural abnormalities of the brain, or an abnormally small head size (microcephaly). Other features that are common in 18q deletion syndrome include short stature, weak muscle tone (hypotonia), narrow auditory canals leading to hearing loss, and limb abnormalities such as foot deformities and thumbs that are positioned unusually close to the wrist. Some affected individuals have mild facial differences such as deep-set eyes, a flat or sunken appearance of the middle of the face (midface hypoplasia), a wide mouth, and prominent ears; these features are often not noticeable except in a detailed medical evaluation. Eye movement disorders and other vision problems, genital abnormalities, heart disease, and skin problems may also occur in this disorder.",0.12765957446808512,0.18844984802431614,0.2773109243697479,0.059322033898305086,0.8456698656082153,What is (are) 18q deletion syndrome ?
0000237-5,"Congenital plasminogen deficiency (also called hypoplasminogenemia or ligneous conjunctivitis when symptomatic) is rare. Treatment focuses on managing symptoms and complications, as there is no cure. 1. **Plasminogen Replacement**: The mainstay is intravenous **human plasminogen concentrate** (e.g., Ryplazim®), approved for ligneous conjunctivitis. It replaces missing plasminogen to restore fibrinolysis. 2. **Topical Therapies**: For eye involvement, **heparin eye drops** or **plasminogen eye drops** (compounded) may help dissolve fibrin-rich lesions. 3. **Surgical Debridement**: Used for severe lesions (e.g., ligneous conjunctivitis), but recurrence is common without plasminogen replacement. 4. **Supportive Care**: Antibiotic ointments for secondary infections and lubricants for eye symptoms. Consult a hematologist or specialist center for individualized care. I don’t know of other widely accepted treatments.","These resources address the diagnosis or management of congenital plasminogen deficiency: - Genetic Testing Registry: Plasminogen deficiency, type I - Indiana Hemophilia and Thrombosis Center - Plasminogen Deficiency Registry These resources from MedlinePlus offer information about the diagnosis and management of various health conditions: - Diagnostic Tests - Drug Therapy - Surgery and Rehabilitation - Genetic Counseling - Palliative Care",0.06896551724137931,0.13793103448275862,0.13157894736842105,0.017699115044247787,0.8153315186500549,What are the treatments for congenital plasminogen deficiency ?
0004360-2,"Neuroacanthocytosis is a group of rare genetic disorders, including **chorea-acanthocytosis** and **McLeod syndrome**. Treatment focuses on managing symptoms, as there’s no cure. Options include: 1. **Medications**: - **Dopamine-blocking drugs** (e.g., tetrabenazine, antipsychotics) for movement disorders. - **Anticonvulsants** (e.g., valproate) for seizures. - **Botulinum toxin** for dystonia. 2. **Therapies**: - **Physical/speech therapy** to maintain mobility and communication. - **Nutritional support** (e.g., feeding tubes) if swallowing is impaired. 3. **Other**: - **Blood transfusions** (for McLeod syndrome with hemolysis). - **Deep brain stimulation (DBS)** in select cases for movement symptoms. Genetic counseling is recommended. Management is tailored to symptoms—consult a neurologist. *I don’t know* about emerging therapies.","How might neuroacanthocytosis be treated? There is currently no cure for neuroacanthocytosis. Management generally focuses on the specific symptoms that are present in each individual and may require the coordination of various specialists. Psychiatric symptoms and chorea may be treated with certain antipsychotic medications known as dopamine-receptor blocking drugs. Other antipsychotic medications as well as antidepressants and/or sedatives may also be used to treat some affected individuals. Seizures may be treated with anti-convulsants, which may also help to treat psychiatric symptoms. Anti-seizure medications that can can worsen involuntary movements are generally avoided. Dystonia has been treated with botulinum toxin to relax the muscles and reduce spasms. Because of feeding difficulties in some cases, individuals may need to have their nutrition monitored. Nutritional support, supplementation and/or a feeding tube may be necessary in some cases. Additional therapies that may be used to treat affected individuals may include speech therapy, physical therapy and occupational therapy. Mechanical devices, such as braces or a wheelchair, may benefit some people. Computer-assisted speech devices may be necessary in some cases. More detailed information about treatment for neuroacanthocytosis is available on eMedicine's Web site and can be viewed by clicking here.",0.08053691275167786,0.15436241610738252,0.25961538461538464,0.019417475728155338,0.8423061370849609,What are the treatments for Neuroacanthocytosis ?
0004159-2,"Mucopolysaccharidosis type IIIB (MPS IIIB, or Sanfilippo syndrome B) is a rare genetic disorder. Symptoms typically appear in early childhood, often between ages 2 and 6, and may include: - **Developmental delays**: Speech and motor skills may develop slowly or regress. - **Behavioral issues**: Hyperactivity, aggression, sleep disturbances, and difficulty paying attention. - **Coarse facial features**: Gradual changes like thickened skin, full lips, and a large head. - **Hearing loss**: Progressive hearing impairment. - **Recurrent ear/sinus infections**. - **Enlarged liver and spleen** (less prominent than in other MPS types). - **Joint stiffness** and skeletal abnormalities. - **Seizures** (in later stages). Symptoms worsen over time, leading to severe neurological decline. If you suspect MPS IIIB, consult a geneticist or metabolic specialist for evaluation. Early diagnosis is key for management.","What are the signs and symptoms of Mucopolysaccharidosis type IIIB? The Human Phenotype Ontology provides the following list of signs and symptoms for Mucopolysaccharidosis type IIIB. If the information is available, the table below includes how often the symptom is seen in people with this condition. You can use the MedlinePlus Medical Dictionary to look up the definitions for these medical terms. Signs and Symptoms Approximate number of patients (when available) Aggressive behavior - Asymmetric septal hypertrophy - Autosomal recessive inheritance - Cardiomegaly - Coarse facial features - Coarse hair - Dense calvaria - Diarrhea - Dysostosis multiplex - Hearing impairment - Heparan sulfate excretion in urine - Hepatomegaly - Hirsutism - Hyperactivity - Intellectual disability - Joint stiffness - Juvenile onset - Ovoid thoracolumbar vertebrae - Progressive neurologic deterioration - Recurrent upper respiratory tract infections - Seizures - Sleep disturbance - Splenomegaly - Synophrys - Thickened ribs - The Human Phenotype Ontology (HPO) has collected information on how often a sign or symptom occurs in a condition. Much of this information comes from Orphanet, a European rare disease database. The frequency of a sign or symptom is usually listed as a rough estimate of the percentage of patients who have that feature. The frequency may also be listed as a fraction. The first number of the fraction is how many people had the symptom, and the second number is the total number of people who were examined in one study. For example, a frequency of 25/25 means that in a study of 25 people all patients were found to have that symptom. Because these frequencies are based on a specific study, the fractions may be different if another group of patients are examined. Sometimes, no information on frequency is available. In these cases, the sign or symptom may be rare or common.",0.08816705336426914,0.18561484918793503,0.3359375,0.007874015748031496,0.8183800578117371,What are the symptoms of Mucopolysaccharidosis type IIIB ?
0000076-4,"Neuroacanthocytosis (NA) is a group of rare genetic disorders, including **chorea-acanthocytosis (ChAc)** and **McLeod syndrome**. Research and clinical trials focus on understanding disease mechanisms, symptom management, and potential treatments: 1. **Genetic & Molecular Research**: - Studies on **VPS13A** (ChAc) and **XK** (McLeod syndrome) genes aim to clarify how mutations cause neurodegeneration. - Investigations into **autophagy, lipid metabolism, and mitochondrial dysfunction** (e.g., via NIH, European consortia). 2. **Clinical Trials**: - **Symptom Management**: Trials for movement disorders (e.g., deep brain stimulation for dystonia/chorea). - **Disease-Modifying Approaches**: Preclinical studies explore **gene therapy, small molecules (e.g., autophagy modulators), or repurposed drugs** (e.g., deuterated lipids). - **Observational Studies**: Natural history studies (e.g., [ClinicalTrials.gov NCT03638668](https://clinicaltrials.gov)) track progression to identify biomarkers. 3. **Patient Registries**: - **NA Advocacy** and **European Reference","The NINDS supports research on disorders such as neuroacanthocytosis, aimed at increasing scientific understanding of the disorders and finding ways to prevent and treat them. The genetic mutations responsible for some types of neuroacanthocytosis have recently been identified. Researchers are examining the role of the basal ganglia in neuroacanthocytosis and hope to correlate the specific genetic abnormalities with the clinical features of the disease. Other research is aimed at identifying possible causes of sudden death related to heart muscle abnormalities, which are observed in some individuals with neuroacanthocytosis.",0.07582938388625594,0.1516587677725119,0.17073170731707318,0.0,0.8267059326171875,what research (or clinical trials) is being done for Neuroacanthocytosis ?
0000135-2,"Generalized gangliosidoses, such as **GM1 gangliosidosis** and **Tay-Sachs/Sandhoff disease (GM2 gangliosidoses)**, are rare lysosomal storage disorders with no cure. Treatment focuses on **symptom management** and supportive care: 1. **Enzyme Replacement Therapy (ERT)** – Investigational for GM1; not yet FDA-approved. 2. **Substrate Reduction Therapy (SRT)** – Miglustat (Zavesca®) is approved for some lysosomal disorders but not specifically for gangliosidoses. 3. **Supportive Care**: - **Seizures**: Antiepileptic drugs (e.g., levetiracetam). - **Muscle spasms**: Physical therapy, baclofen. - **Nutrition**: Feeding tubes if swallowing is impaired. - **Respiratory support**: For breathing difficulties. 4. **Gene Therapy/Stem Cell Transplant** – Experimental; limited evidence of efficacy. **Palliative care** is often recommended to improve quality of life. Clinical trials may offer additional options. Consult a **metabolic specialist** for personalized care. *(Source: NIH, NORD, UpToDate)*",No specific treatment exists for the gangliosidoses. Anticonvulsants may initially control seizures. Other supportive treatment includes proper nutrition and hydration and keeping the airway open.,0.06666666666666667,0.10666666666666667,0.096,0.0,0.8175913691520691,What are the treatments for Generalized Gangliosidoses ?
0000001-6,"**Acanthamoeba Keratitis (eye infection):** Treatment typically involves a combination of topical antimicrobials, often for several months. Common agents include: - **Biguanides** (e.g., polyhexamethylene biguanide - PHMB) - **Diamidines** (e.g., propamidine isethionate) - **Neomycin** (sometimes used) Debridement of the cornea may be necessary. Severe cases may require corneal transplant. **Granulomatous Amebic Encephalitis (GAE):** GAE is rare and often fatal, with no standardized treatment. A combination of antimicrobials may be tried, including: - **Miltefosine** (emerging evidence) - **Azoles** (e.g., fluconazole, voriconazole) - **Pentamidine** - **Sulfadiazine** Treatment is often supportive, and outcomes are generally poor due to late diagnosis. Early intervention may improve prognosis. Consult an infectious disease specialist.","Early diagnosis is essential for effective treatment of Acanthamoeba keratitis. Several prescription eye medications are available for treatment. However, the infection can be difficult to treat. The best treatment regimen for each patient should be determined by an eye doctor. If you suspect your eye may be infected with Acanthamoeba, see an eye doctor immediately. Skin infections that are caused by Acanthamoeba but have not spread to the central nervous system can be successfully treated. Because this is a serious infection and the people affected typically have weakened immune systems, early diagnosis offers the best chance at cure. Most cases of brain and spinal cord infection with Acanthamoeba (Granulomatous Amebic Encephalitis) are fatal.",0.10045662100456622,0.21917808219178084,0.27358490566037735,0.01904761904761905,0.8273105621337891,What are the treatments for Acanthamoeba - Granulomatous Amebic Encephalitis (GAE); Keratitis ?
0003719-2,"Lysinuric protein intolerance (LPI) is a rare genetic disorder affecting amino acid transport. Symptoms typically appear after weaning from breast milk and may include: - **Poor growth/failure to thrive** - **Gastrointestinal issues**: nausea, vomiting, diarrhea, or aversion to protein-rich foods - **Muscle weakness or hypotonia** - **Hepatosplenomegaly** (enlarged liver and spleen) - **Osteoporosis or bone pain** (due to poor calcium absorption) - **Respiratory complications** (e.g., pulmonary alveolar proteinosis) - **Neurological symptoms** (e.g., seizures, intellectual disability in severe cases) - **Hematological issues** (e.g., anemia, low white blood cell count) Symptoms vary in severity. Diagnosis requires genetic testing or biochemical analysis. Early treatment (protein restriction, citrulline supplementation) can help manage symptoms. Consult a metabolic specialist for evaluation.","What are the signs and symptoms of Lysinuric protein intolerance? The Human Phenotype Ontology provides the following list of signs and symptoms for Lysinuric protein intolerance. If the information is available, the table below includes how often the symptom is seen in people with this condition. You can use the MedlinePlus Medical Dictionary to look up the definitions for these medical terms. Signs and Symptoms Approximate number of patients (when available) Psychotic episodes 5% Alveolar proteinosis - Aminoaciduria - Anemia - Autosomal recessive inheritance - Cutis laxa - Delayed skeletal maturation - Diarrhea - Failure to thrive - Fine hair - Hemophagocytosis - Hepatomegaly - Hyperammonemia - Hyperextensible skin - Increased serum ferritin - Infantile onset - Leukopenia - Malnutrition - Muscle weakness - Muscular hypotonia - Nausea - Oroticaciduria - Osteoporosis - Pancreatitis - Phenotypic variability - Respiratory insufficiency - Short stature - Skeletal muscle atrophy - Sparse hair - Splenomegaly - Stage 5 chronic kidney disease - Thrombocytopenia - Truncal obesity - Vomiting - The Human Phenotype Ontology (HPO) has collected information on how often a sign or symptom occurs in a condition. Much of this information comes from Orphanet, a European rare disease database. The frequency of a sign or symptom is usually listed as a rough estimate of the percentage of patients who have that feature. The frequency may also be listed as a fraction. The first number of the fraction is how many people had the symptom, and the second number is the total number of people who were examined in one study. For example, a frequency of 25/25 means that in a study of 25 people all patients were found to have that symptom. Because these frequencies are based on a specific study, the fractions may be different if another group of patients are examined. Sometimes, no information on frequency is available. In these cases, the sign or symptom may be rare or common.",0.08275862068965519,0.15172413793103445,0.28695652173913044,0.008771929824561403,0.808829128742218,What are the symptoms of Lysinuric protein intolerance ?
0000352-5,"Familial hemophagocytic lymphohistiocytosis (FHL) is a rare, life-threatening immune disorder. Treatment typically involves: 1. **Immunochemotherapy**: Initial control of hyperinflammation with drugs like dexamethasone, etoposide, and cyclosporine. 2. **Hematopoietic Stem Cell Transplant (HSCT)**: The only curative option, recommended as soon as the disease is controlled. A matched donor (sibling or unrelated) is preferred. 3. **Supportive Care**: Management of infections, organ dysfunction, and other complications. Early diagnosis and treatment are critical. The HLH-2004 protocol is commonly used for guidance. Consult a specialist in pediatric hematology/oncology or immunology for personalized care. Prognosis depends on timely intervention and successful HSCT.","These resources address the diagnosis or management of familial hemophagocytic lymphohistiocytosis: - Gene Review: Gene Review: Hemophagocytic Lymphohistiocytosis, Familial - Genetic Testing Registry: Familial hemophagocytic lymphohistiocytosis - Genetic Testing Registry: Hemophagocytic lymphohistiocytosis, familial, 2 - Genetic Testing Registry: Hemophagocytic lymphohistiocytosis, familial, 3 - Genetic Testing Registry: Hemophagocytic lymphohistiocytosis, familial, 4 - Genetic Testing Registry: Hemophagocytic lymphohistiocytosis, familial, 5 - The Merck Manual for Healthcare Professionals - University of Minnesota: Pediatric Blood & Marrow Transplantation Center These resources from MedlinePlus offer information about the diagnosis and management of various health conditions: - Diagnostic Tests - Drug Therapy - Surgery and Rehabilitation - Genetic Counseling - Palliative Care",0.07920792079207921,0.1485148514851485,0.19791666666666666,0.042105263157894736,0.8160338401794434,What are the treatments for familial hemophagocytic lymphohistiocytosis ?
0000681-2,"Mucopolysaccharidosis type IV (MPS IV), also known as Morquio syndrome, is a rare genetic disorder. Its prevalence varies by population but is estimated to affect **1 in 200,000 to 300,000 live births** globally. - **MPS IVA (classic Morquio syndrome)** is more common than MPS IVB. - Certain populations, such as those with founder effects (e.g., Northern Ireland, Colombia, or Turkey), may have higher rates. For precise, up-to-date figures, consult resources like the **National Organization for Rare Disorders (NORD)** or **Orphanet**. Would you like help finding additional details?","The exact prevalence of MPS IV is unknown, although it is estimated to occur in 1 in 200,000 to 300,000 individuals.",0.16666666666666663,0.2222222222222222,0.14942528735632185,0.05813953488372093,0.8663673400878906,How many people are affected by mucopolysaccharidosis type IV ?
0000039-2,"Knee replacement, or knee arthroplasty, is a surgical procedure to replace the weight-bearing surfaces of the knee joint to relieve pain and disability. It's most commonly performed for osteoarthritis, but also for other knee diseases like rheumatoid arthritis or post-traumatic arthritis. During the procedure, damaged cartilage and bone are removed from the knee joint. The surgeon then attaches artificial components (made of metal alloys, high-grade plastics, and polymers) to the thigh bone, shin, and kneecap. There are two main types: 1. **Total knee replacement (TKR)**: Both sides of the knee joint are replaced. 2. **Partial knee replacement (PKR)**: Only one side of the knee joint is replaced. Recovery typically involves physical therapy and can take several months. Most people experience significant pain relief and improved mobility. However, risks include infection, blood clots, and implant wear or loosening. Always consult a healthcare provider for personalized advice.","There are many different types and designs of artificial knees. Most consist of three components: - the femoral component, which is the part that attaches to the thigh bone - the tibial component, the part that attaches to the shin bone - the patellar component, the knee cap. the femoral component, which is the part that attaches to the thigh bone the tibial component, the part that attaches to the shin bone the patellar component, the knee cap. Total and Partial Knee Replacement Knee replacement may be either total or partial/unicompartmental. In total knee replacement, as the name suggests, the entire knee joint is replaced. You will likely need a total knee replacement if you have damage to several parts of your knee. In partial/unicompartmental knee replacement, the surgeon replaces just the damaged part of the knee. You may be able to have a partial knee replacement if only one section of your knee is damaged. However, when one part is replaced, there is a chance that another part will develop arthritis, requiring further surgery. Cemented and Uncemented Joint Components Joint components may also be attached to your own bone in different ways. Most are cemented with a special joint glue into your existing bone; others rely on a process called biologic fixation to hold them in place. This means that the parts are made with a porous surface, and over time your own bone grows into the joint surface to secure them. In some cases, surgeons use a combination of cemented and uncemented parts. This is referred to as a hybrid implant. Minimally Invasive Surgery While some knee replacement surgery requires an 8- to 12-inch incision in the front of the knee, surgeons at many medical centers are now performing what is called minimally invasive surgery using incisions of 3 to 5 inches or even smaller. Because the incision is smaller, there may be less pain and a shorter recovery time. If you think you might be interested in minimally invasive surgery, speak with your surgeon.",0.14107883817427383,0.26141078838174275,0.46206896551724136,0.1527777777777778,0.8414739966392517,What is (are) Knee Replacement ?
0005505-2,"Schwannomatosis is a rare genetic disorder characterized by the development of multiple **schwannomas** (benign tumors) on cranial, spinal, and peripheral nerves. Key symptoms include: 1. **Chronic pain** – Often the most prominent symptom, which can be localized or widespread, and may be severe. 2. **Numbness or tingling** – Due to nerve compression. 3. **Muscle weakness** – If tumors press on motor nerves. 4. **Lumps under the skin** – Palpable tumors along nerves. 5. **Headaches or neurological deficits** – If tumors affect cranial or spinal nerves. Unlike other neurofibromatoses, schwannomatosis **does not** typically cause vestibular schwannomas (acoustic neuromas) or café-au-lait spots. Symptoms vary based on tumor location and size. Diagnosis requires imaging (MRI) and sometimes biopsy. If you suspect this condition, consult a neurologist or genetic specialist for evaluation.","What are the signs and symptoms of Schwannomatosis? Signs and symptoms of the schwannomatosis often develop during adulthood between ages 25 and 30. Affected people generally have multiple schwannomas, which are benign tumors of the nervous system. In schwannomatosis, these tumors can grow along any nerve in the body, although they are less common on the vestibular nerve (vestibular schwannomas, also known as acoustic neuromas). People with vestibular schwannomas, especially those with tumors affecting the vestibular nerve on both sides of the head (bilateral), may have neurofibromatosis type 2 instead. The signs and symptoms associated with schwannomatosis vary based on the size and location of the schwannomas. The most common symptom is chronic pain, which can develop as a growing schwannoma presses on nerves or surrounding tissues. Some people may develop a mass if the schwannomas is located just beneath the skin. Others can experience neurological symptoms such as numbness; tingling; and/or weakness in the fingers and toes. The Human Phenotype Ontology provides the following list of signs and symptoms for Schwannomatosis. If the information is available, the table below includes how often the symptom is seen in people with this condition. You can use the MedlinePlus Medical Dictionary to look up the definitions for these medical terms. Signs and Symptoms Approximate number of patients (when available) Abnormality of the skin - Abnormality of the vertebral column - Autosomal dominant inheritance - Incomplete penetrance - Meningioma - Schwannoma - Somatic mutation - Spinal cord tumor - Variable expressivity - The Human Phenotype Ontology (HPO) has collected information on how often a sign or symptom occurs in a condition. Much of this information comes from Orphanet, a European rare disease database. The frequency of a sign or symptom is usually listed as a rough estimate of the percentage of patients who have that feature. The frequency may also be listed as a fraction. The first number of the fraction is how many people had the symptom, and the second number is the total number of people who were examined in one study. For example, a frequency of 25/25 means that in a study of 25 people all patients were found to have that symptom. Because these frequencies are based on a specific study, the fractions may be different if another group of patients are examined. Sometimes, no information on frequency is available. In these cases, the sign or symptom may be rare or common.",0.09416195856873823,0.19962335216572502,0.421875,0.047244094488188976,0.83537757396698,What are the symptoms of Schwannomatosis ?
0006224-3,"Troyer syndrome is a rare, inherited neurological disorder. It's caused by mutations in the **SPART (spartin) gene**, located on chromosome 13. This gene provides instructions for making the spartin protein, which is important for normal cell function, particularly in neurons. Troyer syndrome is inherited in an **autosomal recessive** pattern, meaning a child must inherit two copies of the mutated gene (one from each parent) to develop the condition. The exact mechanism by which the mutated gene leads to the symptoms of Troyer syndrome (such as muscle stiffness, difficulty walking, and developmental delays) is not fully understood. Research is ongoing to better understand this condition.","What causes Troyer syndrome? Troyer syndrome is caused by mutations in the SPG20 gene. This gene gives the body instructions to make a protein called spartin, which is present in many body tissues, including those of the nervous system. However, the function of this protein is not fully understood. It is thought to play various roles needed for the functions of cells. Troyer syndrome is assumed to be caused by a loss of function of the spartin protein. More research on the normal functions of the spartin protein is needed to better understand exactly how mutations in the SPG20 gene cause the features of Troyer syndrome.",0.26666666666666666,0.44761904761904764,0.49038461538461536,0.18446601941747573,0.8955488204956055,What causes Troyer syndrome ?
0000191-3,"Menkes disease is a rare, X-linked recessive disorder caused by mutations in the *ATP7A* gene, leading to copper deficiency. The outlook is generally poor, especially if untreated. - **Classic Menkes**: Symptoms (neurological decline, seizures, failure to thrive, connective tissue abnormalities) appear in infancy. Without early treatment (e.g., copper histidine injections), most children do not survive past age 3. - **Milder forms**: Some variants (e.g., occipital horn syndrome) have later onset and less severe symptoms, with longer survival. Early diagnosis and treatment (within weeks of birth) may improve outcomes, but many patients still experience developmental delays. Prognosis depends on the mutation severity and treatment timing. Supportive care is essential. For personalized information, consult a geneticist or metabolic specialist.","Since newborn screening for this disorder is not available, and early detection is infrequent because the clinical signs of Menkes disease are subtle in the beginning, the disease is rarely treated early enough to make a significant difference. The prognosis for babies with Menkes disease is poor. Most children with Menkes disease die within the first decade of life.",0.125,0.25,0.23076923076923078,0.034482758620689655,0.84870845079422,What is the outlook for Menkes Disease ?
0000026_1-8,"Research and clinical trials for **renal cell carcinoma (RCC)** focus on improving treatment options, especially for advanced or metastatic disease. Key areas include: 1. **Immunotherapy Combinations** – Trials are testing **PD-1/PD-L1 inhibitors** (e.g., pembrolizumab, nivolumab) with **CTLA-4 inhibitors** (e.g., ipilimumab) or **VEGF-targeted therapies** (e.g., axitinib, cabozantinib) to enhance immune response. 2. **Targeted Therapies** – New **TKIs (tyrosine kinase inhibitors)** and **HIF-2α inhibitors** (e.g., belzutifan) are being studied for clear cell RCC, which often has **VHL gene mutations**. 3. **Adjuvant Therapy** – Trials like **KEYNOTE-564** explore immunotherapy (e.g., pembrolizumab) after surgery to prevent recurrence. 4. **Neoadjuvant Approaches** – Pre-surgical treatments to shrink tumors before surgery are under investigation. 5. **Biomarkers** – Research aims to identify predictive markers (e.g., **PD-L1, tumor mutational burden**) to personalize therapy. For the latest","New types of treatment are being tested in clinical trials. Information about clinical trials is available from the NCI website. Patients may want to think about taking part in a clinical trial. For some patients, taking part in a clinical trial may be the best treatment choice. Clinical trials are part of the cancer research process. Clinical trials are done to find out if new cancer treatments are safe and effective or better than the standard treatment. Many of today's standard treatments for cancer are based on earlier clinical trials. Patients who take part in a clinical trial may receive the standard treatment or be among the first to receive a new treatment. Patients who take part in clinical trials also help improve the way cancer will be treated in the future. Even when clinical trials do not lead to effective new treatments, they often answer important questions and help move research forward. Patients can enter clinical trials before, during, or after starting their cancer treatment. Some clinical trials only include patients who have not yet received treatment. Other trials test treatments for patients whose cancer has not gotten better. There are also clinical trials that test new ways to stop cancer from recurring (coming back) or reduce the side effects of cancer treatment. Clinical trials are taking place in many parts of the country. See the Treatment Options section that follows for links to current treatment clinical trials. These have been retrieved from NCI's listing of clinical trials.",0.09042553191489364,0.16489361702127658,0.2440944881889764,0.023809523809523808,0.7977755665779114,what research (or clinical trials) is being done for Renal Cell Cancer ?
0000607-4,"Yes, Lujan syndrome (also called Lujan-Fryns syndrome) is inherited in an **X-linked dominant** pattern. This means: - The gene mutation is on the **X chromosome**. - **Males** (who have one X chromosome) are typically more severely affected. - **Females** (who have two X chromosomes) may have milder symptoms or be unaffected carriers. - A father with the condition **cannot pass it to his sons** (they inherit his Y chromosome), but **all his daughters** will inherit the mutation. Most cases arise from mutations in the **MED12 gene**. Genetic testing can confirm the diagnosis. If you suspect this condition, consult a genetic counselor or medical geneticist.","This condition is inherited in an X-linked recessive pattern. The gene associated with this condition is located on the X chromosome, which is one of the two sex chromosomes. In males (who have only one X chromosome), one altered copy of the gene in each cell is sufficient to cause the condition. In females (who have two X chromosomes), a mutation would have to occur in both copies of the gene to cause the disorder. Because it is unlikely that females will have two altered copies of this gene, males are affected by X-linked recessive disorders much more frequently than females. A characteristic of X-linked inheritance is that fathers cannot pass X-linked traits to their sons.",0.22727272727272727,0.34545454545454546,0.36538461538461536,0.0970873786407767,0.8615080118179321,Is Lujan syndrome inherited ?
0000110-3,"Barth syndrome is a rare, X-linked genetic disorder caused by mutations in the **TAZ gene** (also called **G4.5**), located on the X chromosome (Xq28). The TAZ gene encodes **tafazzin**, a protein involved in remodeling cardiolipin, a key phospholipid in mitochondrial membranes. Common genetic changes include: - **Missense mutations** (most frequent) - **Nonsense mutations** - **Frameshift mutations** (insertions/deletions) - **Splice-site mutations** These mutations disrupt tafazzin function, leading to abnormal cardiolipin metabolism, mitochondrial dysfunction, and the clinical features of Barth syndrome (cardiomyopathy, neutropenia, growth delay, and muscle weakness). Diagnosis is confirmed via **genetic testing** (TAZ gene sequencing). Since it’s X-linked, males are primarily affected, while females are usually carriers. Would you like details on inheritance patterns?","Mutations in the TAZ gene cause Barth syndrome. The TAZ gene provides instructions for making a protein called tafazzin. Tafazzin is located in structures called mitochondria, which are the energy-producing centers of cells. Tafazzin is involved in altering a fat (lipid) called cardiolipin, which plays critical roles in the mitochondrial inner membrane. Once altered by tafazzin, cardiolipin is key in maintaining mitochondrial shape, energy production, and protein transport within cells. TAZ gene mutations result in the production of tafazzin proteins with little or no function. As a result, tafazzin cannot alter cardiolipin. A lack of functional cardiolipin impairs normal mitochondrial shape and functions. Tissues with high energy demands, such as the heart and skeletal muscles, are most susceptible to cell death due to reduced energy production in mitochondria. Additionally, abnormally shaped mitochondria are found in affected white blood cells, which could affect their ability to grow (proliferate) and mature (differentiate), leading to neutropenia. Dysfunctional mitochondria likely lead to other signs and symptoms of Barth syndrome.",0.16487455197132617,0.26523297491039427,0.32456140350877194,0.07079646017699115,0.8499847650527954,What are the genetic changes related to Barth syndrome ?
0000201-1,"Chronic Myeloid Leukemia (CML) is a type of cancer that starts in the blood-forming cells of the bone marrow and invades the blood. It's characterized by the uncontrolled growth of myeloid cells, a type of white blood cell. CML is typically associated with a genetic abnormality called the Philadelphia chromosome, which results from a swap of genetic material between chromosomes 9 and 22. This creates a new gene (BCR-ABL) that produces a protein leading to uncontrolled cell growth. CML often progresses slowly and may not cause symptoms initially. When symptoms occur, they can include fatigue, weight loss, night sweats, fever, and an enlarged spleen. Treatment usually involves targeted drugs called tyrosine kinase inhibitors (TKIs), which block the BCR-ABL protein. With treatment, many people with CML can live for many years. Regular monitoring is crucial.","Leukemia is cancer of the white blood cells. White blood cells help your body fight infection. Your blood cells form in your bone marrow. In leukemia, the bone marrow produces abnormal white blood cells. These cells crowd out the healthy blood cells, making it hard for blood to do its work. In chronic myeloid leukemia (CML), there are too many granulocytes, a type of white blood cell. Most people with CML have a gene mutation (change) called the Philadelphia chromosome. Sometimes CML does not cause any symptoms. If you have symptoms, they may include: - Fatigue - Weight loss - Night sweats - Fever - Pain or a feeling of fullness below the ribs on the left side Tests that examine the blood and bone marrow diagnose CML. Treatments include chemotherapy, stem cell transplants, infusion of donated white blood cells following stem cell transplants, surgery to remove the spleen, and biologic and targeted therapies. Biologic therapy boosts your body's own ability to fight cancer. Targeted therapy uses substances that attack cancer cells without harming normal cells. NIH: National Cancer Institute",0.18471337579617836,0.33121019108280253,0.4925373134328358,0.12781954887218044,0.868097186088562,What is (are) Chronic Myeloid Leukemia ?
0000440-3,"Griscelli syndrome (GS) is a rare autosomal recessive disorder caused by genetic mutations affecting melanosome transport in melanocytes and immune cells. There are three types: 1. **GS1 (Myosin-Va defect)**: Mutations in the *MYO5A* gene (chromosome 15q21) disrupt myosin-Va, impairing melanosome transport. Associated with neurological symptoms. 2. **GS2 (Rab27a defect)**: Mutations in the *RAB27A* gene (chromosome 15q21) affect Rab27a, leading to immune dysfunction (hemophagocytic lymphohistiocytosis) and partial albinism. 3. **GS3 (Melanophilin defect)**: Mutations in the *MLPH* gene (chromosome 2q37) or *MYO5A* (alternative splicing) cause only hypopigmentation without immune or neurological issues. All types involve disrupted melanosome trafficking, but GS2 is most severe due to immune complications. Genetic testing confirms the diagnosis.","The three types of Griscelli syndrome are caused by mutations in different genes: Type 1 results from mutations in the MYO5A gene, type 2 is caused by mutations in the RAB27A gene, and type 3 results from mutations in the MLPH gene. The proteins produced from these genes are found in pigment-producing cells called melanocytes. Within these cells, the proteins work together to transport structures called melanosomes. These structures produce a pigment called melanin, which is the substance that gives skin, hair, and eyes their color (pigmentation). Melanosomes are formed near the center of melanocytes, but they must be transported to the outer edge of these cells and then transferred into other types of cells to provide normal pigmentation. Mutations in any of the three genes, MYO5A, RAB27A, or MLPH, impair the normal transport of melanosomes within melanocytes. As a result, these structures clump near the center of melanocytes, trapping melanin within these cells and preventing normal pigmentation of skin and hair. The clumps of pigment, which can be seen in hair shafts when viewed under a microscope, are a hallmark feature of the condition. In addition to their roles in melanosome transport, the MYO5A and RAB27A genes have functions elsewhere in the body. Specifically, the protein produced from the MYO5A gene transports materials within nerve cells (neurons) that appear to be critical for cell function. The protein produced from the RAB27A gene is found in immune system cells, where it is involved in the release of certain compounds that kill foreign invaders (such as viruses and bacteria). Mutations in these genes impair these critical cell activities, leading to the neurological problems and immune system abnormalities found in Griscelli syndrome types 1 and 2, respectively.",0.12151898734177213,0.1873417721518987,0.4,0.09174311926605505,0.8357978463172913,What are the genetic changes related to Griscelli syndrome ?
0000005-3,"Aceruloplasminemia is a rare autosomal recessive disorder caused by mutations in the **CP gene**, which encodes the protein ceruloplasmin. Ceruloplasmin is essential for iron metabolism, and its deficiency leads to iron accumulation in the brain, liver, and other organs. Key genetic changes include: - **Loss-of-function mutations** in the *CP* gene (chromosome 3q24-25), such as nonsense, missense, frameshift, or splice-site mutations. - These mutations impair ceruloplasmin’s ferroxidase activity, disrupting iron export from cells. Symptoms (e.g., diabetes, retinal degeneration, neurological issues) arise from iron toxicity. Diagnosis involves genetic testing for *CP* mutations, low serum ceruloplasmin, and elevated ferritin. For specifics on mutations, consult genetic databases (e.g., ClinVar) or a genetic counselor.","Mutations in the CP gene cause aceruloplasminemia. The CP gene provides instructions for making a protein called ceruloplasmin, which is involved in iron transport and processing. Ceruloplasmin helps move iron from the organs and tissues of the body and prepares it for incorporation into a molecule called transferrin, which transports it to red blood cells to help carry oxygen. CP gene mutations result in the production of ceruloplasmin protein that is unstable or nonfunctional, or they prevent the protein from being released (secreted) by the cells in which it is made. When ceruloplasmin is unavailable, transport of iron out of the body's tissues is impaired. The resulting iron accumulation damages cells in those tissues, leading to neurological dysfunction, and the other health problems seen in aceruloplasminemia.",0.14468085106382977,0.30638297872340425,0.3394495412844037,0.06481481481481481,0.86442631483078,What are the genetic changes related to aceruloplasminemia ?
0000708-1,"Myostatin-related muscle hypertrophy is a rare genetic condition that causes increased muscle mass and strength. It occurs due to mutations in the *MSTN* gene, which normally limits muscle growth by producing myostatin, a protein that inhibits muscle development. When myostatin is reduced or absent, muscles grow larger and stronger than usual. This condition is typically inherited in an autosomal dominant pattern, meaning one copy of the altered gene can cause the disorder. Symptoms may include: - Noticeably increased muscle bulk from childhood. - Enhanced muscle strength. - Low body fat. While generally not harmful, it may be associated with muscle cramps or mild joint issues. Diagnosis involves genetic testing. There is no specific treatment, but management may include monitoring for potential complications. Always consult a healthcare provider for personalized advice.","Myostatin-related muscle hypertrophy is a rare condition characterized by reduced body fat and increased muscle size. Affected individuals have up to twice the usual amount of muscle mass in their bodies. They also tend to have increased muscle strength. Myostatin-related muscle hypertrophy is not known to cause any medical problems, and affected individuals are intellectually normal.",0.19354838709677422,0.2903225806451613,0.2923076923076923,0.06976744186046512,0.8785701990127563,What is (are) myostatin-related muscle hypertrophy ?
0000074-1,"Charcot-Marie-Tooth (CMT) disease is a group of inherited disorders that affect the peripheral nerves, which control muscles and relay sensory information from the limbs to the brain. It's one of the most common inherited neurological disorders, affecting about 1 in 2,500 people. CMT causes muscle weakness and atrophy, primarily in the feet, lower legs, hands, and forearms. It can also lead to reduced sensation, foot deformities (like high arches or flat feet), and difficulty with balance and coordination. Symptoms typically appear in adolescence or early adulthood, but can occur at any age. CMT is caused by mutations in genes that affect the structure and function of peripheral nerves or their myelin sheath. There are many types of CMT, each linked to different gene mutations. While there's no cure, treatments like physical therapy, occupational therapy, braces, and pain management can help manage symptoms.","Charcot-Marie-Tooth disease (CMT) is one of the most common inherited neurological disorders, affecting approximately 1 in 2,500 people in theUnited States. CMT, also known as hereditary motor and sensory neuropathy (HMSN) or peroneal muscular atrophy, comprises a group of disorders caused by mutations in genes that affect the normal function of the peripheral nerves. The peripheral nerves lie outside the brain and spinal cord and supply the muscles and sensory organs in the limbs. A typical feature includes weakness of the foot and lower leg muscles, which may result in foot drop and a high-stepped gait with frequent tripping or falling. Foot deformities, such as high arches and hammertoes (a condition in which the middle joint of a toe bends upwards), are also characteristic due to weakness of the small muscles in the feet. In addition, the lower legs may take on an ""inverted champagne bottle"" appearance due to the loss of muscle bulk. Later in the disease, weakness and muscle atrophy may occur in the hands, resulting in difficulty with fine motor skills. Some individuals experience pain, which can range from mild to severe.",0.22629969418960244,0.43425076452599387,0.5492957746478874,0.2127659574468085,0.8855480551719666,What is (are) Charcot-Marie-Tooth Disease ?
0000001-6,"**Acanthamoeba Keratitis (eye infection):** Treatment typically involves a combination of topical antimicrobial agents, often for several months. Common medications include: - **Biguanides** (e.g., polyhexamethylene biguanide - PHMB) - **Diamidines** (e.g., propamidine isethionate) - **Neomycin** (sometimes used) Debridement (removal of infected tissue) may be necessary. Severe cases may require corneal transplant. **Granulomatous Amebic Encephalitis (GAE, brain infection):** GAE is rare and often diagnosed late, making treatment difficult. There is no standard therapy, but combinations of the following may be used: - **Miltefosine** (an anti-parasitic drug) - **Azoles** (e.g., fluconazole, voriconazole) - **Pentamidine** - **Sulfadiazine** - **Flucytosine** Prognosis is generally poor due to delayed diagnosis and limited effective treatments. Early diagnosis and aggressive therapy may improve outcomes.","Early diagnosis is essential for effective treatment of Acanthamoeba keratitis. Several prescription eye medications are available for treatment. However, the infection can be difficult to treat. The best treatment regimen for each patient should be determined by an eye doctor. If you suspect your eye may be infected with Acanthamoeba, see an eye doctor immediately. Skin infections that are caused by Acanthamoeba but have not spread to the central nervous system can be successfully treated. Because this is a serious infection and the people affected typically have weakened immune systems, early diagnosis offers the best chance at cure. Most cases of brain and spinal cord infection with Acanthamoeba (Granulomatous Amebic Encephalitis) are fatal.",0.12280701754385966,0.2368421052631579,0.28695652173913044,0.02631578947368421,0.8285861015319824,What are the treatments for Acanthamoeba - Granulomatous Amebic Encephalitis (GAE); Keratitis ?
0000035-5,"To diagnose **diabetes** or **prediabetes**, doctors use blood tests measuring glucose levels: 1. **Fasting Plasma Glucose (FPG) Test**: - No food/drink (except water) for 8+ hours. - **Diabetes**: ≥126 mg/dL (7.0 mmol/L). - **Prediabetes**: 100–125 mg/dL (5.6–6.9 mmol/L). 2. **A1C Test** (3-month average blood sugar): - **Diabetes**: ≥6.5%. - **Prediabetes**: 5.7–6.4%. 3. **Oral Glucose Tolerance Test (OGTT)**: - Fast overnight, drink glucose solution, test 2 hours later. - **Diabetes**: ≥200 mg/dL (11.1 mmol/L). - **Prediabetes**: 140–199 mg/dL (7.8–11.0 mmol/L). 4. **Random Plasma Glucose Test**: - If symptoms (e.g., frequent urination, thirst) + glucose ≥200 mg/dL","Health care providers test for gestational diabetes using the OGTT. Women may be tested during their first visit to the health care provider after becoming pregnant or between 24 to 28 weeks of pregnancy depending on their risk factors and symptoms. Women found to have diabetes at the first visit to the health care provider after becoming pregnant may be diagnosed with type 2 diabetes. Defining Safe Blood Glucose Levels for Pregnancy Many studies have shown that gestational diabetes can cause complications for the mother and baby. An international, multicenter study, the Hyperglycemia and Adverse Pregnancy Outcome (HAPO) study, showed that the higher a pregnant womans blood glucose is, the higher her risk of pregnancy complications. The HAPO researchers found that pregnancy complications can occur at blood glucose levels that were once considered to be normal. Based on the results of the HAPO study, new guidelines for diagnosis of gestational diabetes were recommended by the International Association of the Diabetes and Pregnancy Study Groups in 2011. So far, the new guidelines have been adopted by the American Diabetes Association (ADA)3 but not by the American College of Obstetricians and Gynecologists (ACOG)4 or other medical organizations. Researchers estimate these new guidelines, if widely adopted, will increase the proportion of pregnant women diagnosed with gestational diabetes to nearly 18 percent.5 Both ADA and ACOG guidelines for using the OGTT in diagnosing gestational diabetes are shown in the following tables. Recommendations for Testing Pregnant Women for Diabetes Time of testing ACOG ADA At first visit during pregnancy No recommendation Test women with risk factors for diabetes using standard testing for diagnosis of type 2 diabetes. Women found to have diabetes at this time should be diagnosed with type 2 diabetes, not gestational diabetes. At 24 to 28 weeks of pregnancy Test women for diabetes based on their history, risk factors, or a 50-gram, 1-hour, nonfasting, glucose challenge testa modified OGTT. If score is 130140 mg/dL, test again with fasting, 100-gram, 3-hour OGTT.* Test all women for diabetes who are not already diagnosed, using a fasting, 75-gram, 2-hour OGTT.* OGTT Levels for Diagnosis of Gestational Diabetes Time of Sample Collection ACOG Levels**,4 (mg/dL) ADA Levels3(mg/dL) 100-gram Glucose Drink 75-gram Glucose Drink Fasting, before drinking glucose 95 or above 92 or above 1 hour after drinking glucose 180 or above 180 or above 2 hours after drinking glucose 155 or above 153 or above 3 hours after drinking glucose 140 or above Not used Requirements for Diagnosis TWO or more of the above levels must be met ONE or more of the above levels must be met More information about treating gestational diabetes is provided in the NIDDK health topic, What I need to know about Gestational Diabetes, or by calling 18008608747.",0.05434782608695651,0.06521739130434784,0.18947368421052632,0.010638297872340425,0.7971944212913513,How to diagnose Diagnosis of Diabetes and Prediabetes ?
0000089-6,"Marfan syndrome is a genetic disorder affecting connective tissue. While there's no cure, treatments focus on managing symptoms and preventing complications. Key approaches include: 1. **Medications**: Beta-blockers (e.g., atenolol) or angiotensin receptor blockers (e.g., losartan) to reduce stress on the aorta and slow its dilation. 2. **Monitoring**: Regular echocardiograms to track heart and aorta health. Eye exams for lens dislocation or retinal issues. 3. **Lifestyle**: Avoiding strenuous activities (e.g., contact sports) to prevent aortic damage. Low-impact exercises like swimming may be recommended. 4. **Surgery**: Aortic root replacement if the aorta dilates significantly or risks rupturing. Other surgeries may address skeletal or eye complications. 5. **Orthopedic care**: Bracing or surgery for severe scoliosis or chest deformities. Treatment is tailored to individual needs. A multidisciplinary team (cardiologist, ophthalmologist, orthopedist) is essential. Early intervention improves outcomes.","Marfan syndrome has no cure. However, treatments can help delay or prevent complications, especially when started early. Marfan syndrome can affect many parts of your body, including your heart, bones and joints, eyes, nervous system, and lungs. The type of treatment you receive will depend on your signs and symptoms. Heart Treatments Aortic dilation, or aortic aneurysm, is the most common and serious heart problem linked to Marfan syndrome. In this condition, the aortathe main artery that carries oxygen-rich blood to your bodystretches and grows weak. Medicines are used to try to slow the rate of aortic dilation. Surgery is used to replace the dilated segment of aorta before it tears. If you have Marfan syndrome, you'll need routine care and tests to check your heart valves and aorta. Medicines Beta blockers are medicines that help your heart beat slower and with less force. These medicines may help relieve strain on your aorta and slow the rate of aortic dilation. Some people have side effects from beta blockers, such as tiredness and nausea (feeling sick to your stomach). If side effects occur, your doctor may prescribe a calcium channel blocker or ACE inhibitor instead of a beta blocker. Both medicines help relieve stress on the aorta. Studies suggest that blocking a protein called TGF-beta may help prevent some of the effects of Marfan syndrome. Research shows that the medicine losartan may block the protein in other conditions. The National Heart, Lung, and Blood Institute currently is sponsoring a study comparing losartan to a beta blocker in children and adults who have Marfan syndrome. The study's goal is to find out which medicine, if either, is best at slowing the rate of aortic dilation. Surgery If your aorta stretches, it's more likely to tear (a condition called aortic dissection). To prevent this, your doctor may recommend surgery to repair or replace part of your aorta. Surgery may involve: A composite valve graft. For this surgery, part of the aorta and the aortic valve are removed. The aorta is replaced with a man-made tube called a graft. A man-made valve replaces the original valve. Aortic valve-sparing surgery. If your aortic valve is working well, your doctor may recommend valve-sparing surgery. For this surgery, your doctor replaces the enlarged part of your aorta with a graft. Your aortic valve is left in place. After aortic surgery, you may need medicines or followup tests. For example, after a composite valve graft, your doctor will prescribe medicines called anticoagulants, or ""blood thinners."" Blood thinners help prevent blood clots from forming on your man-made aortic valve. You'll need to take these medicines for the rest of your life. If you've had valve-sparing surgery, you'll only need to take blood thinners for a short time, as your doctor prescribes. If you've had a composite valve graft, you're at increased risk for endocarditis (EN-do-kar-DI-tis). This is an infection of the inner lining of your heart chambers and valves. Your doctor may recommend that you take antibiotics before certain medical or dental procedures that increase your risk of endocarditis. Your doctor also may advise you to continue taking beta blockers or other medicines after either type of aortic surgery. After surgery, you may have routine cardiac magnetic resonance imaging (MRI) or cardiac computed tomography (CT) scans to check your aorta. Cardiac MRI is a painless test that uses radio waves and magnets to created detailed pictures of your organs and tissues. Cardiac CT is a painless test that uses an x-ray machine to take clear, detailed pictures of your heart. Bone and Joint Treatments If you have scoliosis (a curved spine), your doctor may suggest a brace or other device to prevent the condition from getting worse. Severe cases of scoliosis may require surgery. Some people who have Marfan syndrome need surgery to repair a chest that sinks in or sticks out. This surgery is done to prevent the chest from pressing on the lungs and heart. Eye Treatments Marfan syndrome can lead to many eye problems, such as a dislocated lens, nearsightedness, early glaucoma (high pressure in the fluid in the eyes), and cataracts (clouding of an eye's lens). Glasses or contact lenses can help with some of these problems. Sometimes surgery is needed. Nervous System Treatments Marfan syndrome can lead to dural ectasia. In this condition, a substance called the dura (which covers the fluid around your brain and spinal cord) stretches and grows weak. This can cause the bones of the spine to wear away. Dural ectasia usually is treated with pain medicines. Lung Treatments Marfan syndrome may cause pneumothorax, or collapsed lung. In this condition, air or gas builds up in the space between the lungs and the chest wall. If the condition is minor, it may go away on its own. However, you may need to have a tube placed through your skin and chest wall to remove the air. Sometimes surgery is needed.",0.0776495278069255,0.11122770199370409,0.39849624060150374,0.07575757575757576,0.8308640122413635,What are the treatments for Marfan Syndrome ?
0000077-3,"The outlook for **Chronic Inflammatory Demyelinating Polyneuropathy (CIDP)** varies but is generally **favorable with treatment**. Many patients respond well to therapies like **intravenous immunoglobulin (IVIG), corticosteroids, or plasma exchange**, leading to improved strength and function. - **~60-80%** of patients achieve significant recovery, though relapses can occur. - **Long-term remission** is possible, but some may need ongoing treatment. - **Early diagnosis and treatment** improve outcomes, reducing disability. - **Severe cases** may result in persistent weakness or disability, but progression is usually slow. Regular monitoring and tailored therapy are key. Prognosis depends on individual factors like response to treatment and disease severity. Consult a neurologist for personalized guidance.","The course of CIDP varies widely among individuals. Some may have a bout of CIDP followed by spontaneous recovery, while others may have many bouts with partial recovery in between relapses. The disease is a treatable cause of acquired neuropathy and initiation of early treatment to prevent loss of nerve axons is recommended. However, some individuals are left with some residual numbness or weakness.",0.10588235294117647,0.2235294117647059,0.24528301886792453,0.009523809523809525,0.8444607853889465,What is the outlook for Chronic Inflammatory Demyelinating Polyneuropathy (CIDP) ?
0000122-2,"Beta-ureidopropionase deficiency is an extremely rare autosomal recessive metabolic disorder. As of current medical knowledge, only a handful of cases have been reported worldwide—likely fewer than **20 documented cases** in the literature. Due to its rarity, the exact prevalence is unknown, but it is considered a **very low-frequency condition**. Most cases have been identified through newborn screening or metabolic investigations in individuals with unexplained neurological symptoms. If you suspect this condition, consult a metabolic specialist or geneticist for evaluation. I recommend referring to **OMIM (Online Mendelian Inheritance in Man)** or **Orphanet** for the most up-to-date case reports.","The prevalence of beta-ureidopropionase deficiency is unknown. A small number of affected individuals from populations around the world have been described in the medical literature. In Japan, the prevalence of beta-ureidopropionase deficiency has been estimated as 1 in 6,000 people. Researchers suggest that in many affected individuals with absent or mild neurological problems, the condition may never be diagnosed.",0.23076923076923078,0.2948717948717949,0.30927835051546393,0.0625,0.8605515956878662,How many people are affected by beta-ureidopropionase deficiency ?
0000883-1,"Buschke-Ollendorff syndrome is a rare, inherited connective tissue disorder. It's characterized by two main features: 1. **Dermatofibrosis lenticularis disseminata**: Small, firm, skin-colored or yellowish bumps (papules) or plaques, often on the trunk and limbs. 2. **Osteopoikilosis**: Harmless, spotty areas of increased bone density visible on X-rays, typically in the hands, feet, pelvis, and long bones. It's caused by mutations in the *LEMD3* gene and is inherited in an autosomal dominant manner. The condition is usually benign, with no serious health complications, but may be associated with mild joint stiffness or pain. Management focuses on symptom relief if needed. Consult a healthcare provider for personalized information.","Buschke Ollendorff syndrome (BOS) is a genetic condition of the connective tissue. Common signs and symptoms include non-cancerous skin lumps and spots of increased bone density (which can be seen on X-ray). Some people with BOS have both skin and bone symptoms, while others have one or the other. Individual cases of BOS have occurred in association with joint pain, hearing disorders (e.g., otosclerosis), congenital spinal stenosis, craniosynostosis, and nail patella syndrome. Symptoms of BOS may begin at any age, but most often present before age 20. BOS is caused by mutations in the LEMD3 gene. The mutation results in a loss of protein (also named LEMD3) that results in the excessive formation of bone tissue. It is not clear how the LEMD3 mutations cause the skin lumps or other features of BOS. BOS is inherited in an autosomal dominant fashion. Affected members of the same family can have very different symptoms.",0.18677042801556418,0.30350194552529186,0.41904761904761906,0.1346153846153846,0.8566152453422546,What is (are) Buschke Ollendorff syndrome ?
0000203-2,"Kidney stones (nephrolithiasis) are hard deposits made of minerals and salts that form inside your kidneys. They develop when urine becomes concentrated, allowing minerals to crystallize and stick together. Common types include: - **Calcium stones** (most common, often calcium oxalate) - **Uric acid stones** (linked to high-protein diets or gout) - **Struvite stones** (from urinary tract infections) - **Cystine stones** (rare, due to genetic disorders) Symptoms may include severe pain (renal colic), nausea, vomiting, blood in urine, or frequent urination. Risk factors include dehydration, diet, obesity, family history, and certain medical conditions. Treatment depends on stone size and type but may involve pain management, hydration, medications, or procedures like lithotripsy or surgery. Prevention includes drinking plenty of water and dietary adjustments. For personalized advice, consult a healthcare provider.","The urinary tract is the bodys drainage system for removing wastes and extra water. The urinary tract includes two kidneys, two ureters, a bladder, and a urethra. The kidneys are two bean-shaped organs, each about the size of a fist. They are located near the middle of the back, just below the rib cage, one on each side of the spine. Every day, the two kidneys process about 200 quarts of blood to produce about 1 to 2 quarts of urine, composed of wastes and extra water. The urine flows from the kidneys to the bladder through tubes called ureters. The bladder stores urine until releasing it through urination. When the bladder empties, urine flows out of the body through a tube called the urethra at the bottom of the bladder.",0.0694980694980695,0.16988416988416988,0.1875,0.007874015748031496,0.8102948069572449,What is (are) Kidney Stones in Adults ?
0000091-2,"Autosomal dominant hyper-IgE syndrome (AD-HIES), also known as Job syndrome, is a rare primary immunodeficiency. Precise global prevalence is unknown, but it is estimated to affect fewer than **1 in 1,000,000 people**. Some studies suggest it may be slightly more common, with estimates ranging from **1 in 100,000 to 1 in 500,000 individuals**. Due to its rarity, many cases may go undiagnosed or misdiagnosed. If you suspect this condition, consult a clinical immunologist or geneticist for evaluation. Would you like guidance on symptoms or diagnostic steps?","This condition is rare, affecting fewer than 1 per million people.",0.08247422680412372,0.10309278350515462,0.08139534883720931,0.011764705882352941,0.8667635917663574,How many people are affected by autosomal dominant hyper-IgE syndrome ?
0000141-1,"An ectopic kidney is a congenital condition where a kidney is located in an abnormal position, typically lower in the abdomen or pelvis, rather than its usual place in the flank. This occurs during fetal development when the kidney fails to ascend to its normal position. Most people with an ectopic kidney have no symptoms and may not even know they have it. However, it can sometimes lead to complications like urinary tract infections, kidney stones, or blockages due to abnormal urine flow. Diagnosis is often made incidentally during imaging (e.g., ultrasound, CT scan) for other issues. Treatment is usually unnecessary unless complications arise. If you suspect you have this condition or experience symptoms like pain or frequent infections, consult a healthcare provider for evaluation.","An ectopic kidney is a birth defect in which a kidney is located below, above, or on the opposite side of its usual position. About one in 900 people has an ectopic kidney.1",0.20253164556962028,0.24050632911392403,0.264,0.08064516129032258,0.8762074708938599,What is (are) Ectopic Kidney ?
0000105-1,"Baller-Gerold syndrome is a rare genetic disorder characterized by: 1. **Craniosynostosis**: Premature fusion of skull bones, leading to an abnormally shaped head. 2. **Radial ray defects**: Underdevelopment or absence of the radius bone (forearm), often causing hand and arm abnormalities. 3. **Growth delays**: Short stature and potential developmental delays. Other features may include facial dysmorphism, heart defects, or anal anomalies. It is caused by mutations in the *RECQL4* gene and is inherited in an autosomal recessive pattern. Diagnosis involves clinical evaluation, imaging (X-rays), and genetic testing. Management is supportive, addressing symptoms (e.g., surgery for craniosynostosis, physical therapy). For personalized advice, consult a geneticist or healthcare provider.","Baller-Gerold syndrome is a rare condition characterized by the premature fusion of certain skull bones (craniosynostosis) and abnormalities of bones in the arms and hands. People with Baller-Gerold syndrome have prematurely fused skull bones, most often along the coronal suture, the growth line that goes over the head from ear to ear. Other sutures of the skull may be fused as well. These changes result in an abnormally shaped head, a prominent forehead, and bulging eyes with shallow eye sockets (ocular proptosis). Other distinctive facial features can include widely spaced eyes (hypertelorism), a small mouth, and a saddle-shaped or underdeveloped nose. Bone abnormalities in the hands include missing fingers (oligodactyly) and malformed or absent thumbs. Partial or complete absence of bones in the forearm is also common. Together, these hand and arm abnormalities are called radial ray malformations. People with Baller-Gerold syndrome may have a variety of additional signs and symptoms including slow growth beginning in infancy, small stature, and malformed or missing kneecaps (patellae). A skin rash often appears on the arms and legs a few months after birth. This rash spreads over time, causing patchy changes in skin coloring, areas of thinning skin (atrophy), and small clusters of blood vessels just under the skin (telangiectases). These chronic skin problems are collectively known as poikiloderma. The varied signs and symptoms of Baller-Gerold syndrome overlap with features of other disorders, namely Rothmund-Thomson syndrome and RAPADILINO syndrome. These syndromes are also characterized by radial ray defects, skeletal abnormalities, and slow growth. All of these conditions can be caused by mutations in the same gene. Based on these similarities, researchers are investigating whether Baller-Gerold syndrome, Rothmund-Thomson syndrome, and RAPADILINO syndrome are separate disorders or part of a single syndrome with overlapping signs and symptoms.",0.16080402010050251,0.23115577889447236,0.46226415094339623,0.17142857142857143,0.8409487009048462,What is (are) Baller-Gerold syndrome ?
0000071-4,"Diabetes is caused by problems with insulin, a hormone that regulates blood sugar. There are two main types: 1. **Type 1 Diabetes**: The body's immune system mistakenly attacks and destroys insulin-producing cells in the pancreas. The exact cause is unknown, but genetics and environmental factors (like viruses) may play a role. 2. **Type 2 Diabetes**: The body becomes resistant to insulin or the pancreas can't produce enough. Risk factors include obesity, physical inactivity, family history, and age. Lifestyle changes can often prevent or delay it. Other types include gestational diabetes (during pregnancy) and diabetes from specific genetic conditions or medications. Always consult a healthcare provider for personal medical advice.","Insulin Resistance and Beta Cell Dysfunction Hormones produced by the placenta and other pregnancy-related factors contribute to insulin resistance, which occurs in all women during late pregnancy. Insulin resistance increases the amount of insulin needed to control blood glucose levels. If the pancreas cant produce enough insulin due to beta cell dysfunction, gestational diabetes occurs. As with type 2 diabetes, excess weight is linked to gestational diabetes. Overweight or obese women are at particularly high risk for gestational diabetes because they start pregnancy with a higher need for insulin due to insulin resistance. Excessive weight gain during pregnancy may also increase risk. Family History Having a family history of diabetes is also a risk factor for gestational diabetes, suggesting that genes play a role in its development. Genetics may also explain why the disorder occurs more frequently in African Americans, American Indians, and Hispanics/Latinos. Many gene variants or combinations of variants may increase a womans risk for developing gestational diabetes. Studies have found several gene variants associated with gestational diabetes, but these variants account for only a small fraction of women with gestational diabetes. Future Risk of Type 2 Diabetes Because a womans hormones usually return to normal levels soon after giving birth, gestational diabetes disappears in most women after delivery. However, women who have gestational diabetes are more likely to develop gestational diabetes with future pregnancies and develop type 2 diabetes.3 Women with gestational diabetes should be tested for persistent diabetes 6 to 12 weeks after delivery and at least every 3 years thereafter. Also, exposure to high glucose levels during gestation increases a childs risk for becoming overweight or obese and for developing type 2 diabetes later on. The result may be a cycle of diabetes affecting multiple generations in a family. For both mother and child, maintaining a healthy body weight and being physically active may help prevent type 2 diabetes.",0.09456264775413711,0.2033096926713948,0.4036697247706422,0.046296296296296294,0.8473106622695923,What causes Causes of Diabetes ?
0000313-1,"Eating disorders are serious mental health conditions characterized by unhealthy eating behaviors, thoughts, and emotions about food, weight, and body shape. The most common types include: 1. **Anorexia Nervosa**: Extreme restriction of food intake, leading to significantly low body weight, intense fear of gaining weight, and distorted body image. 2. **Bulimia Nervosa**: Recurrent episodes of binge eating followed by compensatory behaviors like vomiting, excessive exercise, or laxative use. 3. **Binge Eating Disorder**: Frequent episodes of eating large amounts of food in a short time, often accompanied by feelings of loss of control and distress. Other types include Avoidant/Restrictive Food Intake Disorder (ARFID) and Other Specified Feeding or Eating Disorder (OSFED). These disorders can have severe physical and psychological consequences and often require professional treatment, including therapy, medical monitoring, and sometimes medication. If you or someone you know is struggling, seek help from a healthcare provider.","Eating disorders are serious behavior problems. They can include severe overeating or not consuming enough food to stay healthy. They also involve extreme concern about your shape or weight. Types of eating disorders include - Anorexia nervosa, in which you become too thin, but you don't eat enough because you think you are fat - Bulimia nervosa, which involves periods of overeating followed by purging, sometimes through self-induced vomiting or using laxatives - Binge-eating, which is out-of-control eating Women are more likely than men to have eating disorders. They usually start in the teenage years and often occur along with depression, anxiety disorders, and substance abuse. Eating disorders can lead to heart and kidney problems and even death. Getting help early is important. Treatment involves monitoring, talk therapy, nutritional counseling, and sometimes medicines. NIH: National Institute of Mental Health",0.16901408450704222,0.30281690140845074,0.3931034482758621,0.0625,0.8792759776115417,What is (are) Eating Disorders ?
0000067-3,"Argininosuccinic aciduria (ASA) is an inherited metabolic disorder caused by mutations in the **ASL gene**, which provides instructions for making the enzyme **argininosuccinate lyase**. This enzyme is essential for the urea cycle, which removes toxic ammonia from the body. Key genetic changes include: - **Autosomal recessive inheritance**: Both copies of the *ASL* gene must be mutated for the disorder to occur. - **Pathogenic variants**: Over 100 mutations (missense, nonsense, deletions, or splice-site changes) have been identified, leading to reduced or absent enzyme activity. - **Genotype-phenotype correlation**: Some mutations may cause severe neonatal-onset disease, while others lead to milder, late-onset forms. Diagnosis is confirmed via genetic testing or enzyme activity assays. Treatment focuses on managing ammonia levels and dietary protein restriction. For specific variant details, consult a genetic counselor or clinical geneticist.","Mutations in the ASL gene cause argininosuccinic aciduria. Argininosuccinic aciduria belongs to a class of genetic diseases called urea cycle disorders. The urea cycle is a sequence of reactions that occur in liver cells. It processes excess nitrogen, generated when protein is used by the body, to make a compound called urea that is excreted by the kidneys. In argininosuccinic aciduria, the enzyme that starts a specific reaction within the urea cycle is damaged or missing. The urea cycle cannot proceed normally, and nitrogen accumulates in the bloodstream in the form of ammonia. Ammonia is especially damaging to the nervous system, so argininosuccinic aciduria causes neurological problems as well as eventual damage to the liver.",0.11382113821138211,0.23577235772357721,0.3053435114503817,0.038461538461538464,0.8470692038536072,What are the genetic changes related to argininosuccinic aciduria ?
0000641-1,"Megalencephaly-capillary malformation syndrome (MCAP) is a rare genetic disorder characterized by: 1. **Megalencephaly**: Abnormally large brain size, often leading to intellectual disability, developmental delays, or seizures. 2. **Capillary malformations**: Birthmarks caused by abnormal blood vessels, typically on the skin (e.g., port-wine stains). 3. **Other features**: May include body overgrowth, finger/toe abnormalities (e.g., syndactyly), and connective tissue issues. MCAP is caused by mutations in the *PIK3CA* gene, which affects cell growth. Diagnosis involves clinical evaluation, imaging (MRI), and genetic testing. Management focuses on symptom relief (e.g., seizure control, physical therapy) and monitoring for complications like hydrocephalus. Early intervention can improve quality of life. For specifics, consult a geneticist or neurologist.","Megalencephaly-capillary malformation syndrome (MCAP) is a disorder characterized by overgrowth of several tissues in the body. Its primary features are a large brain (megalencephaly) and abnormalities of small blood vessels in the skin called capillaries (capillary malformations). In individuals with MCAP, megalencephaly leads to an unusually large head size (macrocephaly), which is typically evident at birth. After birth, the brain and head continue to grow at a fast rate for the first few years of life; then, the growth slows to a normal rate, although the head remains larger than average. Additional brain abnormalities are common in people with MCAP; these can include excess fluid within the brain (hydrocephalus) and abnormalities in the brain's structure, such as those known as Chiari malformation and polymicrogyria. Abnormal brain development leads to intellectual disability in most affected individuals and can also cause seizures or weak muscle tone (hypotonia). In particular, polymicrogyria is associated with speech delays and difficulty chewing and swallowing. The capillary malformations characteristic of MCAP are composed of enlarged capillaries that increase blood flow near the surface of the skin. These malformations usually look like pink or red spots on the skin. In most affected individuals, capillary malformations occur on the face, particularly the nose, the upper lip, and the area between the nose and upper lip (the philtrum). In other people with MCAP, the malformations appear as patches spread over the body or as a reddish net-like pattern on the skin (cutis marmorata). In some people with MCAP, excessive growth affects not only the brain but other individual parts of the body, which is known as segmental overgrowth. This can lead to one arm or leg that is bigger or longer than the other or a few oversized fingers or toes. Some affected individuals have fusion of the skin between two or more fingers or toes (cutaneous syndactyly). Additional features of MCAP can include flexible joints and skin that stretches easily. Some affected individuals are said to have doughy skin because the tissue under the skin is unusually thick and soft. The gene involved in MCAP is also associated with several types of cancer. Although a small number of individuals with MCAP have developed tumors (in particular, a childhood form of kidney cancer known as Wilms tumor and noncancerous tumors in the nervous system known as meningiomas), people with MCAP do not appear to have a greater risk of developing cancer than the general population.",0.09727626459143969,0.15564202334630348,0.3853211009174312,0.1111111111111111,0.8441908359527588,What is (are) megalencephaly-capillary malformation syndrome ?
0000263-3,"Cystinosis is caused by mutations in the **CTNS gene**, located on chromosome 17p13. This gene encodes **cystinosin**, a lysosomal membrane protein that transports cystine out of lysosomes. Over **140 different mutations** have been identified, including: - **Deletions** (most common, e.g., 57-kb deletion in ~75% of Northern European cases) - **Nonsense mutations** (premature stop codons) - **Missense mutations** (altered protein function) - **Splice-site mutations** (disrupted mRNA processing) These mutations lead to **cystine accumulation** in lysosomes, causing cellular damage. The severity of cystinosis (infantile, juvenile, or ocular) often correlates with the type of mutation and residual cystinosin function. For precise genetic diagnosis, **CTNS gene sequencing** is recommended. Would you like details on testing or inheritance?","All three types of cystinosis are caused by mutations in the CTNS gene. Mutations in this gene lead to a deficiency of a transporter protein called cystinosin. Within cells, this protein normally moves cystine out of the lysosomes, which are compartments in the cell that digest and recycle materials. When cystinosin is defective or missing, cystine accumulates and forms crystals in the lysosomes. The buildup of cystine damages cells in the kidneys and eyes and may also affect other organs.",0.1968911917098446,0.3212435233160622,0.30973451327433627,0.08035714285714286,0.8629724383354187,What are the genetic changes related to cystinosis ?
0000027-1,"Age-related macular degeneration (AMD) is a common eye condition that affects the macula, the central part of the retina responsible for sharp, central vision. It typically occurs in people aged 50 and older and is a leading cause of vision loss in older adults. There are two main types: 1. **Dry AMD (non-exudative)**: More common (80-90% of cases), it involves thinning of the macula and gradual vision loss. 2. **Wet AMD (exudative)**: Less common but more severe, it involves abnormal blood vessel growth under the retina, leading to rapid vision loss if untreated. Symptoms include blurred or distorted central vision, difficulty recognizing faces, or dark spots in vision. Risk factors include age, smoking, family history, and high blood pressure. Early detection through regular eye exams is key. While there’s no cure, treatments (e.g., anti-VEGF injections for wet AMD) can slow progression. Lifestyle changes (e.g., quitting smoking, healthy diet) may help reduce risk.","Age-related macular degeneration is an eye disease that is a leading cause of vision loss in older people in developed countries. The vision loss usually becomes noticeable in a person's sixties or seventies and tends to worsen over time. Age-related macular degeneration mainly affects central vision, which is needed for detailed tasks such as reading, driving, and recognizing faces. The vision loss in this condition results from a gradual deterioration of light-sensing cells in the tissue at the back of the eye that detects light and color (the retina). Specifically, age-related macular degeneration affects a small area near the center of the retina, called the macula, which is responsible for central vision. Side (peripheral) vision and night vision are generally not affected. Researchers have described two major types of age-related macular degeneration, known as the dry form and the wet form. The dry form is much more common, accounting for 85 to 90 percent of all cases of age-related macular degeneration. It is characterized by a buildup of yellowish deposits called drusen beneath the retina and slowly progressive vision loss. The condition typically affects vision in both eyes, although vision loss often occurs in one eye before the other. The wet form of age-related macular degeneration is associated with severe vision loss that can worsen rapidly. This form of the condition is characterized by the growth of abnormal, fragile blood vessels underneath the macula. These vessels leak blood and fluid, which damages the macula and makes central vision appear blurry and distorted.",0.1683168316831683,0.32673267326732675,0.48026315789473684,0.15894039735099338,0.8692695498466492,What is (are) age-related macular degeneration ?
0000159-3,"Lupus nephritis is kidney inflammation caused by systemic lupus erythematosus (SLE). Symptoms may include: - **Swelling (edema):** Often in the legs, ankles, feet, or around the eyes. - **Foamy urine:** Due to excess protein (proteinuria). - **High blood pressure (hypertension).** - **Blood in the urine (hematuria).** - **Frequent urination, especially at night.** - **Weight gain:** From fluid retention. - **Fatigue or weakness.** Some patients may also experience general lupus symptoms like joint pain, rash, or fever. If you suspect lupus nephritis, consult a healthcare provider for evaluation, including urine tests, blood tests, or a kidney biopsy. Early diagnosis and treatment are important to prevent kidney damage.","The symptoms of lupus nephritis may include high blood pressure, foamy urine, and edemaswelling, usually in the legs, feet, or ankles and less often in the hands or face. Kidney problems often develop at the same time or shortly after lupus symptoms appear and can include - joint pain or swelling - muscle pain - fever with no known cause - red rashes, often on the face, which are also called butterfly rashes because of their shape",0.18579234972677597,0.3169398907103825,0.3584905660377358,0.06666666666666667,0.8596946597099304,What are the symptoms of Lupus Nephritis ?
0000722-5,"Bilateral perisylvian polymicrogyria (BPP) is diagnosed through a combination of clinical evaluation and neuroimaging: 1. **Clinical Evaluation**: A neurologist assesses symptoms like developmental delays, seizures, speech difficulties, or swallowing problems, often starting in infancy or childhood. 2. **Magnetic Resonance Imaging (MRI)**: This is the gold standard for diagnosis. MRI reveals abnormal brain folding (excessive, small gyri) in the perisylvian regions (around the Sylvian fissures) of both hemispheres. The cortex may appear thickened or irregular. 3. **Electroencephalogram (EEG)**: While not diagnostic, EEG may show abnormal electrical activity, especially if seizures are present. 4. **Genetic Testing**: In some cases, genetic testing may identify associated mutations (e.g., *PIK3R2*, *TUBB2B*), but many cases are sporadic. Early diagnosis is key for managing symptoms, such as seizures or speech therapy. Consult a neurologist or pediatric neurologist for evaluation.","Is genetic testing available for bilateral perisylvian polymicrogyria? Genetic testing is not available for bilateral perisylvian polymicrogyria because the underlying genetic cause is unknown. How is bilateral perisylvian polymicrogyria diagnosed? A diagnosis of bilateral perisylvian polymicrogyria (BPP) is typically based on a thorough physical examination, a detailed medical history and a complete neurological evaluation, which many include the following tests: Electroencephalography (EEG) Computed tomography (CT) scanning Magnetic resonance imaging (MRI)",0.09900990099009901,0.23762376237623764,0.21212121212121213,0.04580152671755725,0.8484824299812317,How to diagnose Bilateral perisylvian polymicrogyria ?
0000194-3,"The outlook for migraine varies, but many people find their symptoms improve over time, especially with proper management. Migraines often decrease in frequency and severity with age, particularly after menopause in women. Effective treatments include: - **Lifestyle changes** (regular sleep, hydration, stress management, avoiding triggers). - **Medications** (pain relievers, triptans, CGRP inhibitors, or preventive drugs like beta-blockers). - **Alternative therapies** (acupuncture, biofeedback, or cognitive behavioral therapy). While migraines can be disabling, most people can achieve good control with the right approach. However, chronic migraines (15+ headache days/month) may require more intensive treatment. Early intervention improves long-term outcomes. For personalized advice, consult a healthcare provider. I don’t know specifics about your case.","Responsive prevention and treatment of migraine is incredibly important. Evidence shows an increased sensitivity after each successive attack, eventually leading to chronic daily migraine in some individuals With proper combination of drugs for prevention and treatment of migraine attacks most individuals can overcome much of the discomfort from this debilitating disorder. Women whose migraine attacks occur in association with their menstrual cycle are likely to have fewer attacks and milder symptoms after menopause.",0.07608695652173912,0.1739130434782609,0.18018018018018017,0.00909090909090909,0.8481855392456055,What is the outlook for Migraine ?
